ID;Имя;Широта;Долгота;Высота;год;янв;фев;мар;апр;май;июн;июл;авг;сен;окт;ноя;дек;за год;янв осадки;фев осадки;мар осадки;апр осадки;май осадки;июн осадки;июл осадки;авг осадки;сен осадки;окт осадки;ноя осадки;дек осадки;год осадки;;;;;;
1;Буэнос-Айрес;-34.5589;-58.4197;6;1961;999.9;999.9;999.9;999.9;999.9;999.9;10.7;13.8;13.9;18.2;21.0;22.3;999.9;139;58;64;46;66;29;37;36;33;136;118;134;898;;;;;;
2;Буэнос-Айрес;-34.5590;-58.4198;6;1962;22.9;22.6;23.5;16.5;13.1;11.5;8.5;12.0;14.2;16.4;21.4;22.6;17.1;72;38;61;189;13;14;92;49;99;18;131;102;876;;;;;;
3;Буэнос-Айрес;-34.5591;-58.4199;6;1963;24.1;24.5;20.6;19.5;14.5;12.1;12.6;11.4;13.3;15.4;18.0;22.1;17.3;33;83;234;72;33;129;48;129;150;148;152;239;1452;;;;;;
4;Буэнос-Айрес;-34.5592;-58.4200;6;1964;24.0;23.2;20.2;17.7;15.5;9.6;10.3;11.6;13.9;15.4;18.5;22.5;16.9;24;186;227;71;83;41;19;37;45;48;68;31;878;;;;;;
5;Буэнос-Айрес;-34.5593;-58.4201;6;1965;25.3;24.6;19.2;17.4;13.4;15.1;10.1;12.7;13.6;17.8;20.4;21.4;17.6;39;120;30;141;15;40;55;61;48;34;107;84;772;;;;;;
6;Буэнос-Айрес;-34.5594;-58.4202;6;1966;24.0;22.1;20.9;18.3;15.5;13.0;12.0;11.0;12.5;15.7;20.0;22.1;17.3;72;80;287;141;38;129;54;18;13;63;80;135;1108;;;;;;
7;Буэнос-Айрес;-34.5595;-58.4203;6;1967;24.2;23.1;20.2;18.2;17.3;8.0;10.3;11.6;14.9;17.8;21.6;24.5;17.6;99;66;82;118;60;57;98;109;64;316;34;25;1128;;;;;;
8;Буэнос-Айрес;-34.5596;-58.4204;6;1968;23.8;23.3;21.3;15.8;13.2;11.7;13.1;13.5;14.5;17.0;22.3;22.3;17.7;54;89;42;5;13;71;42;99;13;186;109;285;1008;;;;;;
9;Буэнос-Айрес;-34.5597;-58.4205;6;1969;24.2;23.9;22.1;18.7;15.1;12.4;12.6;10.9;14.5;16.0;20.3;24.6;17.9;62;68;121;93;225;34;56;0.0;39;39;74;88;899;;;;;;
10;Буэнос-Айрес;-34.5598;-58.4206;6;1970;24.1;25.0;22.5;20.7;14.5;11.4;11.5;12.4;15.9;16.7;18.5;22.4;18.0;151;65;81;104;81;31;63;73;73;100;51;43;917;;;;;;
11;Буэнос-Айрес;-34.5599;-58.4207;6;1971;23.4;21.5;21.6;16.5;13.1;9.5;12.3;14.0;16.1;17.0;21.7;23.8;17.5;192;179;69;48;62;54;73;48;129;74;47;130;1104;;;;;;
12;Буэнос-Айрес;-34.5600;-58.4208;6;1972;25.1;23.5;20.7;18.4;16.5;13.6;10.9;12.1;15.4;16.2;19.3;22.6;17.9;67;44;105;25;39;185;51;86;82;83;84;107;957;;;;;;
13;Буэнос-Айрес;-34.5601;-58.4209;6;1973;23.5;23.1;22.7;17.6;13.8;12.4;10.3;12.2;14.1;17.3;19.0;22.4;17.4;120;134;197;112;20;107;99;0.7;0.9;111;52;30;983;;;;;;
14;Буэнос-Айрес;-34.5602;-58.4210;6;1974;24.2;22.3;22.2;18.8;15.8;10.9;13.0;11.4;12.9;16.9;19.7;21.5;17.5;280;47;112;9;33;11;82;124;9;29;22;48;806;;;;;;
15;Буэнос-Айрес;-34.5603;-58.4211;6;1975;24.1;23.2;21.2;18.2;15.6;13.3;9.7;11.4;14.9;17.3;20.2;23.6;17.7;93;175;71;86;118;50;-999;110;-999;22;45;38;-999;;;;;;
16;Буэнос-Айрес;-34.5604;-58.4212;6;1976;24.0;23.3;19.3;17.0;15.2;10.4;10.8;11.9;14.0;16.7;19.5;22.3;17.0;172;128;84;69;85;53;89;98;73;247;89;187;1375;;;;;;
17;Буэнос-Айрес;-34.5605;-58.4213;6;1977;24.9;22.8;21.1;18.3;13.1;12.2;11.6;12.5;15.6;19.1;20.6;23.3;17.9;20;280;71;15;111;47;20;57;99;84;96;35;935;;;;;;
18;Буэнос-Айрес;-34.5606;-58.4214;6;1978;23.5;22.7;22.1;17.6;14.5;10.8;13.0;11.6;14.9;17.9;20.1;23.2;17.7;97;133;101;17;6;231;191;41;113;143;200;73;1346;;;;;;
19;Буэнос-Айрес;-34.5607;-58.4215;6;1979;24.7;24.8;21.2;17.8;14.1;11.2;12.6;14.0;13.6;17.3;19.2;21.9;17.7;15;29;78;63;20;8;116;158;15;89;150;75;817;;;;;;
20;Буэнос-Айрес;-34.5608;-58.4216;6;1980;25.2;23.3;24.7;19.8;16.4;11.4;10.4;12.7;14.6;16.9;19.2;24.3;18.2;41;94;141;178;103;69;79;31;57;75;152;67;1088;;;;;;
21;Буэнос-Айрес;-34.5609;-58.4217;6;1981;23.9;24.2;21.3;18.6;17.7;10.8;11.0;14.1;13.6;16.9;20.2;23.3;18.0;196;72;102;44;313;35;39;5;63;56;159;80;1163;;;;;;
22;Буэнос-Айрес;-34.5610;-58.4218;6;1982;24.0;22.4;22.6;19.4;16.5;12.3;11.2;13.0;15.3;17.4;19.3;24.5;18.2;29;163;125;67;80;100;67;32;201;141;30;79;1113;;;;;;
23;Буэнос-Айрес;-34.5611;-58.4219;6;1983;25.8;23.2;21.6;18.1;14.9;9.8;10.1;11.6;13.6;18.4;20.5;23.4;17.6;84;66;46;54;40;22;11;86;57;130;67;145;808;;;;;;
24;Буэнос-Айрес;-34.5612;-58.4220;6;1984;25.4;24.3;22.0;17.1;13.8;9.8;9.7;10.9;14.1;18.8;19.0;21.4;17.2;183;237;63;75;46;64;52;10;42;174;52;70;1068;;;;;;
25;Буэнос-Айрес;-34.5613;-58.4221;6;1985;24.3;24.0;21.3;17.5;15.1;12.8;11.8;12.4;14.4;17.2;21.1;22.8;17.9;87;72;89;140;389;49;92;17;56;173;216;68;1446;;;;;;
26;Буэнос-Айрес;-34.5614;-58.4222;6;1986;24.4;24.1;20.4;19.1;14.7;13.6;12.4;12.3;15.0;17.5;20.0;23.2;18.1;98;26;75;162;102;52;36;156;61;185;174;48;1172;;;;;;
27;Буэнос-Айрес;-34.5615;-58.4223;6;1987;25.1;24.6;22.2;19.0;12.5;12.1;12.8;11.7;13.3;17.2;20.9;21.9;17.8;50;139;166;61;17;4;86;57;43;117;120;112;972;;;;;;
28;Буэнос-Айрес;-34.5616;-58.4224;6;1988;24.4;22.5;22.8;16.5;12.4;10.5;10.1;12.9;13.8;16.0;20.7;23.9;17.2;59;92;586;21;0.0;4;21;21;45;133;133;40;1155;;;;;;
29;Буэнос-Айрес;-34.5617;-58.4225;6;1989;25.7;24.8;21.7;19.0;15.1;12.7;10.7;14.1;13.8;16.6;20.0;24.8;18.3;16;54;114;215;8;49;35;203;24;45;89;148;1000;;;;;;
30;Буэнос-Айрес;-34.5618;-58.4226;6;1990;25.5;23.2;20.5;17.6;14.1;11.1;10.7;14.2;13.6;19.0;21.8;21.7;17.8;207;203;110;203;49;7;32;24;81;105;237;96;1354;;;;;;
31;Буэнос-Айрес;-34.5619;-58.4227;6;1991;23.5;22.6;22.9;18.1;16.4;11.6;10.8;13.0;16.0;16.2;19.3;22.8;17.8;134;75;32;103;41;105;84;53;71;109;62;274;1143;;;;;;
32;Буэнос-Айрес;-34.5620;-58.4228;6;1992;23.7;24.1;23.0;17.8;14.4;13.1;8.8;12.3;14.5;18.0;18.3;22.8;17.6;-999;-999;-999;-999;197;93;-999;78;42;97;42;101;-999;;;;;;
33;Буэнос-Айрес;-34.5621;-58.4229;6;1993;25.4;22.7;23.1;18.7;14.4;11.9;10.0;12.4;13.7;17.6;19.7;22.0;17.6;112;119;73;177;83;121;25;38;33;155;216;147;1299;;;;;;
34;Буэнос-Айрес;-34.5622;-58.4230;6;1994;23.0;23.5;21.6;17.5;16.4;13.3;11.1;12.6;15.3;17.3;21.5;24.8;18.2;40;56;238;168;50;49;65;21;17;95;20;111;930;;;;;;
35;Буэнос-Айрес;-34.5623;-58.4231;6;1995;24.0;22.6;21.9;17.9;15.1;11.3;11.0;11.5;15.0;17.1;21.0;23.7;17.7;58;54;120;242;23;30;22;11;-999;-999;113;28;-999;;;;;;
36;Буэнос-Айрес;-34.5624;-58.4232;6;1996;24.2;23.4;22.9;18.8;15.7;10.5;10.1;14.5;13.8;18.3;21.4;24.0;18.1;46;124;31;116;5;8;16;40;113;71;135;80;785;;;;;;
37;Буэнос-Айрес;-34.5625;-58.4233;6;1997;25.9;22.7;22.0;19.4;16.5;12.3;13.0;14.0;14.6;17.1;19.9;21.5;18.2;134;68;136;75;118;63;41;97;19;107;111;-999;-999;;;;;;
38;Буэнос-Айрес;-34.5626;-58.4234;6;1998;22.9;21.9;21.0;18.3;15.6;12.4;13.3;13.2;14.1;18.5;20.2;22.7;17.8;144;112;95;-999;-999;17;46;18;67;55;63;163;-999;;;;;;
39;Буэнос-Айрес;-34.5627;-58.4235;6;1999;22.3;23.1;22.7;16.6;14.7;11.6;11.3;13.0;15.3;17.5;20.0;23.1;17.6;205;162;154;27;42;15;103;63;65;30;43;56;965;;;;;;
40;Буэнос-Айрес;-34.5628;-58.4236;6;2000;24.9;24.0;21.5;18.8;14.5;13.1;9.1;12.2;14.1;17.3;19.2;22.7;17.6;87;63;52;181;322;129;44;64;124;120;102;69;1357;;;;;;
41;Буэнос-Айрес;-34.5629;-58.4237;6;2001;25.3;25.2;22.9;18.4;14.2;13.0;11.3;14.8;14.5;17.8;19.8;22.4;18.3;201;127;229;55;82;51;51;153;31;199;145;52;1376;;;;;;
42;Буэнос-Айрес;-34.5630;-58.4238;6;2002;24.3;22.7;21.9;17.5;16.7;11.2;11.2;13.8;14.5;19.2;20.9;22.6;18.0;133;34;235;122;174;29;108;96;77;72;107;170;1357;;;;;;
43;Буэнос-Айрес;-34.5631;-58.4239;6;2003;24.9;23.1;22.3;17.6;15.3;13.1;11.3;11.6;14.0;18.5;19.9;21.7;17.8;192;239;239;59;52;39;69;26;110;55;133;131;1344;;;;;;
44;Буэнос-Айрес;-34.5632;-58.4240;6;2004;24.6;22.9;23.1;19.6;13.6;13.0;11.8;13.4;15.4;17.2;19.5;23.1;18.1;216;35;26;234;89;10;36;41;21;56;63;76;903;;;;;;
45;Буэнос-Айрес;-34.5633;-58.4241;6;2005;24.9;23.5;21.2;17.3;14.9;14.1;12.1;12.8;13.8;16.8;21.8;21.7;17.9;131;46;85;70;13;49;47;81;32;39;38;20;651;;;;;;
46;Буэнос-Айрес;-34.5634;-58.4242;6;2006;24.0;23.8;20.7;18.8;14.2;13.0;13.9;12.2;14.8;19.0;20.2;24.3;18.2;211;111;123;33;5;76;47;12;25;162;41;215;1061;;;;;;
47;Буэнос-Айрес;-34.5635;-58.4243;6;2007;24.1;24.4;21.8;18.7;12.6;10.4;9.4;9.7;16.0;18.9;18.8;23.0;17.3;62;87;288;165;42;42;7;37;90;160;31;23;1034;;;;;;
48;Буэнос-Айрес;-34.5636;-58.4244;6;2008;24.6;24.5;21.7;18.5;15.3;11.4;13.7;12.6;13.8;17.6;23.2;23.2;18.3;121;85;167;-999;-999;-999;-999;-999;-999;-999;-999;-999;-999;;;;;;
49;Буэнос-Айрес;-34.5637;-58.4245;6;2009;24.4;23.9;23.1;19.4;15.8;11.3;10.5;14.2;13.4;17.2;20.9;22.2;18.0;-999;-999;-999;-999;-999;-999;-999;-999;-999;-999;-999;-999;-999;;;;;;
50;Буэнос-Айрес;-34.5638;-58.4246;6;2010;25.5;24.0;22.8;17.9;15.9;12.8;11.0;11.8;14.8;16.9;20.2;24.3;18.2;-999;-999;-999;-999;-999;-999;-999;-999;-999;-999;-999;-999;-999;;;;;;
51;Буэнос-Айрес;-34.5639;-58.4247;6;2011;25.1;23.5;22.0;19.0;15.0;12.0;10.9;11.6;15.8;17.2;22.1;22.2;18.0;-999;-999;-999;-999;-999;-999;-999;-999;-999;-999;-999;-999;-999;;;;;;
52;Буэнос-Айрес;-34.5640;-58.4248;6;2012;25.0;24.6;21.6;18.0;16.5;11.8;9.8;13.5;15.3;18.1;22.1;24.3;18.4;-999;-999;-999;-999;-999;-999;-999;-999;-999;-999;-999;-999;-999;;;;;;
53;Буэнос-Айрес;-34.5641;-58.4249;6;2013;24.6;23.8;20.2;19.4;15.1;12.9;11.6;12.1;13.8;17.9;20.7;26.2;18.2;-999;-999;-999;-999;-999;-999;-999;-999;-999;-999;-999;-999;-999;;;;;;
54;Буэнос-Айрес;-34.5642;-58.4250;6;2014;25.4;22.9;20.7;18.4;15.3;12.6;12.5;14.5;16.3;19.9;20.8;23.2;18.5;-999;-999;-999;-999;-999;-999;-999;-999;-999;-999;-999;-999;-999;;;;;;
55;Буэнос-Айрес;-34.5643;-58.4251;6;2015;24.1;24.2;22.9;20.3;16.9;13.6;12.6;14.9;14.3;15.4;19.9;24.0;18.6;-999;-999;-999;-999;-999;-999;-999;-999;-999;-999;-999;-999;-999;;;;;;
56;Буэнос-Айрес;-34.5644;-58.4252;6;2016;25.2;25.7;21.0;17.4;12.8;10.8;11.2;13.7;14.0;17.2;20.6;24.5;17.8;-999;-999;-999;-999;-999;-999;-999;-999;-999;-999;-999;-999;-999;;;;;;
57;Буэнос-Айрес;-34.5645;-58.4253;6;2017;25.5;25.0;22.3;18.9;16.0;13.5;13.0;14.8;15.7;17.8;20.1;23.7;18.9;-999;-999;-999;-999;-999;-999;-999;-999;-999;-999;-999;-999;-999;;;;;;
58;Буэнос-Айрес;-34.5646;-58.4254;6;2018;25.1;24.4;22.0;21.6;16.7;11.0;10.9;12.1;16.9;17.6;21.0;22.2;18.5;-999;-999;-999;-999;-999;-999;-999;-999;-999;-999;-999;-999;-999;;;;;;
59;Буэнос-Айрес;-34.5647;-58.4255;6;2019;24.6;24.1;21.0;19.4;16.0;14.5;11.5;12.3;14.6;17.4;22.2;23.1;18.4;-999;-999;-999;-999;-999;-999;-999;-999;-999;-999;-999;-999;-999;;;;;;
60;Буэнос-Айрес;-34.5648;-58.4256;6;2020;24.4;23.9;23.5;18.0;15.1;12.6;10.6;13.3;14.2;16.7;21.0;22.8;18.0;-999;-999;-999;-999;-999;-999;-999;-999;-999;-999;-999;-999;-999;;;;;;
61;Буэнос-Айрес;-34.5649;-58.4257;6;2021;999.9;23.3;21.8;20.4;14.3;11.7;11.5;12.4;15.4;18.2;20.9;23.7;999.9;-999;127;37;30;46;5;7;21;76;7;61;3;-999;;;;;;
62;Буэнос-Айрес;-34.5650;-58.4258;6;2022;25.3;22.5;20.4;17.9;13.7;10.5;12.4;13.0;15.2;17.3;22.0;24.1;17.9;32;216;17;4;2;0.0;49;18;29;21;71;71;530;;;;;;
63;Буэнос-Айрес;-34.5651;-58.4259;6;2023;25.7;24.6;25.3;18.6;16.5;13.3;12.6;13.6;14.5;17.4;20.7;22.5;18.8;57;26;19;83;143;0;54;142;50;40;129;124;867;;;;;;
64;Буэнос-Айрес;-34.5652;-58.4260;6;2024;24.9;25.4;22.6;18.7;12.9;14.1;10.5;12.0;16.3;19.6;21.4;21.6;18.3;31;249;390;209;10;62;7;163;18;66;149;38;1391;;;;;;
65;Буэнос-Айрес;-34.5653;-58.4261;6;2025;24.9;25.1;22.6;17.9;16.4;11.1;11.4;13.3;15.2;18.6;20.1;25.2;18.5;68;130;217;88;263;13;47;117;98;139;117;80;1376;;;;;;
66;Буэнос-Айрес;-34.5654;-58.4262;6;2026;24.1;24.4;999.9;999.9;999.9;999.9;999.9;999.9;999.9;999.9;999.9;999.9;999.9;11;76;-999;-999;-999;-999;-999;-999;-999;-999;-999;-999;-999;;;;;;
;;;;;;;;;;;;;;;;;;;;;;;;;;;;;;;;;;;;;
;;;;;;;;;;;;;;;;;;;;;;;;;;;;;;;;;;;;;
;;;;;;;;;;;;;;;;;;;;;;;;;;;;;;;;;;;;;
;;;;;;;;;;;;;;;;;;;;;;;;;;;;;;;;;;;;;
