Имя;Широта;Долгота;Высота;год;янв;фев;мар;апр;май;июн;июл;авг;сен;окт;ноя;дек;за год;янв осадки;фев осадки;мар осадки;апр осадки;май осадки;июн осадки;июл осадки;авг осадки;сен осадки;окт осадки;ноя осадки;дек осадки;за год осадки
Ла-Риоха;-29.3817;-66.7933;438;1961;27.5;26.0;22.0;19.4;16.9;9.8;11.5;17.7;18.0;23.4;25.8;28.0;20.2;74;31;181;17;17;9;0.2;0.0;0.7;50;71;14;466
Ла-Риоха;-29.3818;-66.7934;438;1962;27.0;27.5;26.9;19.9;15.9;11.3;8.4;15.0;19.7;22.6;27.2;26.8;20.4;58;25;7;8;3;3;11;0.0;0.0;2;56;94;266
Ла-Риоха;-29.3819;-66.7935;438;1963;27.7;25.4;23.4;22.8;16.4;12.7;13.3;15.1;16.8;21.0;22.3;26.4;20.0;31;133;13;7;5;0.0;27;0.0;2;2;30;92;340
Ла-Риоха;-29.3820;-66.7936;438;1964;27.7;26.5;20.9;19.8;18.2;10.5;10.5;14.0;18.5;20.5;25.2;26.0;19.6;56;52;155;10;0.0;11;0.0;0.0;0.0;41;45;36;407
Ла-Риоха;-29.3821;-66.7937;438;1965;27.4;27.4;23.7;20.0;15.2;16.1;11.2;15.2;16.7;24.1;25.2;26.1;20.4;85;33;27;7;6;0.0;0.3;26;5;0.0;65;28;281
Ла-Риоха;-29.3822;-66.7938;438;1966;27.0;25.1;24.1;20.5;16.4;13.9;11.9;13.4;17.3;23.0;25.2;25.1;20.0;64;23;74;18;8;0.0;9;0.3;11;5;46;56;314
Ла-Риоха;-29.3823;-66.7939;438;1967;28.2;27.4;24.1;23.7;19.9;8.6;11.4;14.9;17.7;23.5;23.8;29.9;20.8;21;21;12;2;0.0;18;1;0.4;2;5;89;37;208
Ла-Риоха;-29.3824;-66.7940;438;1968;27.4;26.0;23.6;18.2;14.4;12.6;14.2;15.9;18.9;21.8;27.4;27.2;20.4;142;94;51;11;0.0;1;0.0;2;0.0;9;54;50;415
Ла-Риоха;-29.3825;-66.7941;438;1969;29.4;27.2;25.3;22.7;17.9;11.8;12.4;13.9;20.2;22.8;26.3;27.9;21.2;8;22;2;29;16;0.0;0.0;0.0;0.0;2;20;78;178
Ла-Риоха;-29.3826;-66.7942;438;1970;27.3;28.5;24.5;24.3;14.9;11.8;11.0;14.5;20.9;21.5;24.7;28.4;20.8;51;41;36;11;12;8;0.0;0.0;0.0;8;60;21;247
Ла-Риоха;-29.3827;-66.7943;438;1971;26.1;25.5;23.7;17.7;14.5;9.4;13.2;14.8;20.7;22.5;27.3;30.6;20.2;52;25;42;45;1;2;0.0;0.0;0.0;17;7;0.0;191
Ла-Риоха;-29.3828;-66.7944;438;1972;29.6;28.1;23.7;19.9;17.0;13.3;10.8;13.7;19.1;22.6;24.1;27.4;20.5;49;48;26;11;3;4;3;4;12;8;51;44;263
Ла-Риоха;-29.3829;-66.7945;438;1973;29.3;26.4;24.0;20.1;15.3;12.6;9.8;14.0;16.9;22.7;24.5;25.2;20.0;35;72;63;8;-999.9;2;6;1;2;6;41;84;-999.9
Ла-Риоха;-29.3830;-66.7946;438;1974;27.8;23.4;22.2;19.6;15.7;11.3;12.7;13.8;15.9;22.5;25.8;25.1;19.4;61;160;117;2;2;0.0;4;6;0.0;3;2;35;392
Ла-Риоха;-29.3831;-66.7947;438;1975;27.7;25.7;23.4;20.3;15.2;13.7;9.8;12.3;17.3;22.0;23.6;28.7;19.7;68;73;61;20;3;7;0.0;54;45;1;75;3;410
Ла-Риоха;-29.3832;-66.7948;438;1976;26.9;25.6;21.1;18.5;15.0;11.3;10.8;13.1;17.0;22.2;26.0;27.6;19.5;53;85;59;0.0;45;0.0;0.0;1;29;3;33;19;327
Ла-Риоха;-29.3833;-66.7949;438;1977;27.0;24.4;23.2;19.9;15.0;12.9;12.4;15.4;21.1;23.7;25.5;26.7;20.1;108;102;41;27;4;6;1;7;2;39;16;82;435
Ла-Риоха;-29.3834;-66.7950;438;1978;25.0;25.1;23.3;20.5;17.2;11.3;13.8;12.2;19.3;23.6;26.2;27.3;20.0;30;35;78;17;0.0;0.0;0.0;0.0;12;1;0.0;99;272
Ла-Риоха;-29.3835;-66.7951;438;1979;27.2;24.8;21.7;17.4;15.8;10.3;12.8;16.7;16.2;22.4;23.3;23.8;19.0;33;108;42;73;0.0;0.0;0.0;0.0;5;8;32;94;395
Ла-Риоха;-29.3836;-66.7952;438;1980;26.5;26.3;25.7;19.4;16.0;10.6;10.4;14.6;17.9;21.7;24.0;26.3;19.8;70;56;99;35;0.0;4;0.0;9;0.0;22;20;60;375
Ла-Риоха;-29.3837;-66.7953;438;1981;25.6;25.2;23.6;20.0;17.3;11.4;10.9;16.1;16.3;21.7;24.7;27.4;19.8;31;111;84;34;8;0.0;5;16;1;16;18;58;382
Ла-Риоха;-29.3838;-66.7954;438;1982;26.5;24.8;22.0;21.0;17.8;11.2;12.2;15.2;18.9;22.9;24.8;25.9;20.0;82;84;32;21;0.0;3;0.0;0.0;17;2;47;110;398
Ла-Риоха;-29.3839;-66.7955;438;1983;27.1;24.5;24.2;20.1;15.8;9.4;9.7;13.0;16.9;24.5;25.8;29.3;19.8;59;54;9;22;3;5;2;0.0;7;12;10;42;225
Ла-Риоха;-29.3840;-66.7956;438;1984;27.4;26.1;22.8;17.8;14.3;9.6;10.7;12.8;18.1;23.2;24.4;24.8;19.1;154;29;205;24;0.0;2;0.0;9;6;10;4;39;482
Ла-Риоха;-29.3841;-66.7957;438;1985;26.0;24.5;23.6;20.3;17.4;12.8;10.6;14.7;18.2;23.1;24.9;26.1;20.0;101;117;46;27;0.0;0.0;6;26;1;3;219;56;602
Ла-Риоха;-29.3842;-66.7958;438;1986;28.7;25.4;22.2;20.5;16.6;12.6;13.3;15.0;17.6;22.4;25.0;28.8;20.4;15;183;43;2;1;0.0;11;0.0;10;33;25;59;382
Ла-Риоха;-29.3843;-66.7959;438;1987;26.9;27.7;25.7;20.6;13.0;12.0;13.6;13.6;17.7;23.3;25.8;26.2;20.2;132;5;2;23;18;0.0;2;0.0;6;16;40;80;324
Ла-Риоха;-29.3844;-66.7960;438;1988;27.4;25.3;24.7;20.1;13.7;10.2;9.6;14.6;17.1;23.0;27.7;30.0;20.0;74;130;40;2;17;0.0;0.0;0.0;0.0;0.0;0.0;2;265
Ла-Риоха;-29.3845;-66.7961;438;1989;28.6;28.3;24.3;20.9;15.4;14.2;11.9;15.8;17.3;22.9;25.5;28.7;20.9;93;-999.9;-999.9;17;8;2;0.0;0.0;1;1;34;39;-999.9
Ла-Риоха;-29.3846;-66.7962;438;1990;28.0;24.6;22.5;20.3;15.2;11.5;11.5;17.5;17.2;23.0;25.4;27.8;20.0;228;-999.9;43;26;1;0.0;7;0.0;2;45;80;13;-999.9
Ла-Риоха;-29.3847;-66.7963;438;1991;27.1;26.2;24.9;20.4;16.7;12.1;11.7;14.0;19.2;21.1;25.1;26.7;20.6;106;124;84;55;1;8;0.0;0.0;0.0;5;20;119;522
Ла-Риоха;-29.3848;-66.7964;438;1992;26.4;24.6;23.8;18.5;14.3;12.6;8.9;14.3;17.4;22.8;23.6;26.4;19.7;77;292;-999.9;95;0.0;0.0;-999.9;12;4;0.0;46;137;-999.9
Ла-Риоха;-29.3849;-66.7965;438;1993;27.5;24.5;24.9;19.8;15.0;11.2;10.1;14.0;17.1;22.4;26.3;28.4;20.5;119;42;91;0.0;2;0.0;0.0;0.0;10;0.0;9;9;282
Ла-Риоха;-29.3850;-66.7966;438;1994;28.0;24.8;24.0;19.6;18.5;14.1;11.3;15.4;20.7;22.3;25.4;29.7;21.4;40;103;10;18;14;0.0;7;0.0;9;73;48;68;390
Ла-Риоха;-29.3851;-66.7967;438;1995;27.1;25.8;24.6;20.9;17.1;12.2;10.8;14.1;18.6;22.7;26.6;29.9;20.4;57;40;70;0.0;2;0.0;0.0;0.0;12;10;39;60;290
Ла-Риоха;-29.3852;-66.7968;438;1996;26.9;26.0;24.9;19.8;17.3;10.2;10.6;16.3;17.1;22.7;26.6;28.0;20.2;58;63;42;57;10;20;3;0.0;11;10;35;124;433
Ла-Риоха;-29.3853;-66.7969;438;1997;27.2;24.7;24.3;22.4;17.1;12.0;13.7;15.6;20.2;22.6;26.1;27.7;20.8;166;33;103;0.0;9;0.5;0.0;0.0;120;2;12;-999.9;-999.9
Ла-Риоха;-29.3854;-66.7970;438;1998;27.2;23.2;22.3;19.0;16.0;12.8;13.8;14.7;16.4;23.5;25.4;28.9;20.1;31;52;4;23;18;18;0.0;43;5;43;32;36;305
Ла-Риоха;-29.3855;-66.7971;438;1999;25.4;28.2;23.8;17.5;15.8;11.8;10.2;14.4;20.6;21.6;23.2;26.2;19.6;60;56;114;17;23;1;25;0.0;2;86;35;16;435
Ла-Риоха;-29.3856;-66.7972;438;2000;26.9;24.8;22.0;20.0;14.1;11.3;9.4;14.4;17.6;22.5;23.7;27.1;19.1;142;61;141;73;24;15;10;0.0;0.0;70;55;27;618
Ла-Риоха;-29.3857;-66.7973;438;2001;27.4;27.8;24.3;18.2;13.8;11.8;11.7;15.8;17.2;22.8;24.8;26.8;19.7;169;29;55;54;20;11;0.0;0.0;13;14;195;80;640
Ла-Риоха;-29.3858;-66.7974;438;2002;26.7;25.2;25.1;19.1;16.7;10.4;11.5;15.7;19.5;24.4;25.7;24.8;20.0;69;63;27;32;6;1;2;0.0;0.0;39;50;218;507
Ла-Риоха;-29.3859;-66.7975;438;2003;27.9;26.9;24.0;19.3;16.0;14.4;11.5;13.4;19.3;25.2;27.4;27.9;20.7;36;73;124;193;5;7;0.0;0.0;0.0;0.5;0.0;50;489
Ла-Риоха;-29.3860;-66.7976;438;2004;29.2;25.8;25.6;20.7;12.6;12.3;12.1;14.7;20.4;23.8;24.9;27.9;20.6;93;29;26;26;0.0;0.0;0.0;0.0;8;0.0;37;20;239
Ла-Риоха;-29.3861;-66.7977;438;2005;29.4;27.2;24.0;17.6;14.4;13.2;12.3;14.7;16.4;21.5;26.6;27.1;20.1;42;70;51;77;6;0.0;0.0;1;0.0;9;38;46;340
Ла-Риоха;-29.3862;-66.7978;438;2006;27.9;27.6;25.3;20.3;15.0;13.8;13.6;15.0;19.0;25.5;25.9;28.0;21.0;93;34;13;41;3;0.0;0.0;0.0;0.0;2;25;41;252
Ла-Риоха;-29.3863;-66.7979;438;2007;27.1;27.4;23.3;21.0;13.2;10.9;9.4;10.5;19.5;24.2;26.1;27.9;19.8;55;24;48;26;27;1;4;2;1;13;35;78;314
Ла-Риоха;-29.3864;-66.7980;438;2008;27.6;25.7;23.4;19.8;15.1;10.4;13.8;15.0;17.6;23.2;26.8;27.8;20.4;164;116;92;20;1;0.0;0.0;2;8;10;46;62;521
Ла-Риоха;-29.3865;-66.7981;438;2009;26.7;27.6;25.6;23.7;16.8;11.9;10.7;16.3;16.4;23.9;27.8;27.1;21.1;113;10;74;0.0;7;0.0;0.0;0.0;0.0;0.0;22;148;374
Ла-Риоха;-29.3866;-66.7982;438;2010;28.6;26.5;25.9;19.4;14.3;12.3;9.9;13.4;19.0;22.2;25.4;27.7;20.3;39;122;38;51;16;0.0;28;0.0;1;7;41;51;394
Ла-Риоха;-29.3867;-66.7983;438;2011;27.8;24.9;22.8;20.7;16.4;11.8;10.7;13.6;20.5;22.3;27.2;28.0;20.5;98;203;50;21;0.0;0.0;5;0.0;2;17;32;16;444
Ла-Риоха;-29.3868;-66.7984;438;2012;29.7;27.5;25.0;20.5;17.3;12.1;10.3;14.9;20.6;23.6;27.1;29.9;21.3;21;169;14;17;0.0;0.0;0.0;0.0;7;0.0;4;3;235
Ла-Риоха;-29.3869;-66.7985;438;2013;28.6;28.3;23.8;21.9;16.8;13.5;11.2;13.7;17.3;24.8;26.4;30.6;21.3;62;20;46;0.0;0.0;14;0.0;8;2;14;2;24;192
Ла-Риоха;-29.3870;-66.7986;438;2014;29.5;24.6;21.7;19.8;15.8;12.4;12.3;16.7;20.2;25.8;24.7;26.1;20.5;64;156;31;15;2;0.0;4;0.0;0.0;6;45;118;441
Ла-Риоха;-29.3871;-66.7987;438;2015;27.9;25.9;24.4;22.5;18.1;13.5;12.5;16.3;19.1;19.9;22.7;26.9;20.4;104;81;114;8;0.0;0.0;11;2;1;36;69;102;528
Ла-Риоха;-29.3872;-66.7988;438;2016;27.8;27.2;23.0;17.8;14.3;10.2;11.2;16.7;18.9;22.2;24.1;27.9;19.8;203;124;19;31;18;32;0.0;7;2;12;58;30;536
Ла-Риоха;-29.3873;-66.7989;438;2017;30.0;26.8;24.4;19.4;15.8;11.7;12.4;15.7;17.5;22.8;26.7;27.5;20.5;64;119;39;53;4;0.0;0.0;5;11;5;28;96;424
Ла-Риоха;-29.3874;-66.7990;438;2018;27.3;26.1;24.3;22.9;17.2;10.7;9.9;14.2;21.3;21.8;25.9;26.5;20.3;126;45;41;19;7;0.0;17;0.5;10;-999.9;-999.9;-999.9;-999.9
Ла-Риоха;-29.3875;-66.7991;438;2019;26.5;26.1;21.6;19.9;15.5;11.8;11.9;14.6;18.2;22.1;26.9;27.2;19.8;-999.9;-999.9;-999.9;-999.9;-999.9;-999.9;-999.9;-999.9;-999.9;-999.9;-999.9;-999.9;-999.9
Ла-Риоха;-29.3876;-66.7992;438;2020;28.8;26.0;26.4;21.5;15.7;11.8;10.4;14.6;19.6;23.2;25.6;27.5;20.5;-999.9;-999.9;-999.9;-999.9;-999.9;-999.9;-999.9;-999.9;-999.9;-999.9;-999.9;-999.9;-999.9
Ла-Риоха;-29.3877;-66.7993;438;2021;26.7;24.9;22.6;21.6;15.0;11.3;11.9;15.2;20.1;23.3;25.2;27.6;20.5;69;1095;21;0.0;488;4;0.0;0.0;136;0.0;0.0;84;1896
Ла-Риоха;-29.3878;-66.7994;438;2022;29.6;24.7;22.4;19.8;14.7;10.8;13.1;14.4;16.9;21.5;27.0;27.9;20.2;68;970;211;0.6;175;0.0;506;40;73;2;321;157;2521
Ла-Риоха;-29.3879;-66.7995;438;2023;28.5;27.3;27.5;20.4;17.0;13.3;13.0;16.6;19.3;22.8;26.2;27.2;21.6;54;72;85;51;11;0.5;5;0;0;10;46;64;397
Ла-Риоха;-29.3880;-66.7996;438;2024;29.0;28.8;27.3;19.6;12.3;13.6;10.4;13.5;21.4;23.6;25.9;27.5;21.1;18;58;82;23;2;0.3;0;6;0;125;23;31;368
Ла-Риоха;-29.3881;-66.7997;438;2025;29.0;31.0;23.5;19.1;17.4;10.9;11.6;15.1;19.8;23.0;26.4;26.9;21.1;98;96;74;14;5;0;6;4;5;5;4;107;418
Ла-Риоха;-29.3882;-66.7998;438;2026;26.8;26.3;999.9;999.9;999.9;999.9;999.9;999.9;999.9;999.9;999.9;999.9;999.9;127;60;-999.9;-999.9;-999.9;-999.9;-999.9;-999.9;-999.9;-999.9;-999.9;-999.9;-999.9
