»м€;Ўирота;ƒолгота;¬ысота;год;€нв;фев;мар;апр;май;июн;июл;авг;сен;окт;но€;дек;за год;€нв осадки;фев осадки;мар осадки;апр осадки;май осадки;июн осадки;июл осадки;авг осадки;сен осадки;окт осадки;но€ осадки;дек осадки;за год осадки
–осарио;-32.9081;-60.7819;25;1961;23.0;22.8;20.3;16.2;15.6;10.1;10.1;14.0;13.4;18.2;20.7;22.2;17.1;213;73;249;114;61;15;35;49;38;85;128;319;1379
–осарио;-32.9082;-60.7820;25;1962;23.0;22.8;22.5;16.1;11.7;9.5;6.9;11.3;14.1;16.2;21.2;24.6;16.6;46;11;299;93;17;0.6;91;21;66;46;95;50;835
–осарио;-32.9083;-60.7821;25;1963;24.2;24.3;20.5;19.3;14.1;11.3;13.1;11.8;13.6;16.2;17.8;21.9;17.2;60;62;272;78;23;5;40;27;35;51;102;93;848
–осарио;-32.9084;-60.7822;25;1964;23.8;23.2;19.9;17.3;15.4;8.3;8.6;10.4;14.1;15.8;18.3;21.8;16.3;56;58;246;107;28;25;0.3;29;57;31;52;70;760
–осарио;-32.9085;-60.7823;25;1965;25.1;25.0;19.0;16.5;12.6;15.0;9.6;11.7;12.6;17.6;20.0;21.1;17.1;20;37;25;96;18;134;36;22;22;52;169;179;809
–осарио;-32.9086;-60.7824;25;1966;24.0;21.4;20.2;18.3;14.5;12.2;11.8;9.9;12.1;17.0;21.2;21.5;16.9;76;72;461;137;9;36;52;11;2;6;122;155;1139
–осарио;-32.9087;-60.7825;25;1967;23.3;22.7;20.2;17.4;17.0;6.7;9.6;11.1;14.2;18.0;20.7;24.6;17.0;213;79;177;58;51;31;67;66;63;268;32;87;1191
–осарио;-32.9088;-60.7826;25;1968;23.4;23.4;20.4;14.5;11.4;10.9;13.1;12.7;13.9;16.9;22.6;22.5;17.0;104;128;85;2;20;93;7;62;41;88;55;147;831
–осарио;-32.9089;-60.7827;25;1969;24.2;23.1;21.1;18.0;15.0;10.8;12.2;9.5;15.2;16.9;20.3;24.6;17.5;56;178;230;265;46;19;12;0.9;44;44;164;43;1102
–осарио;-32.9090;-60.7828;25;1970;23.6;24.1;22.2;20.9;13.7;9.9;10.3;11.4;16.0;16.1;18.7;21.8;17.3;168;70;205;69;79;11;26;31;112;133;17;195;1115
–осарио;-32.9091;-60.7829;25;1971;23.2;21.0;20.6;15.2;11.9;7.2;12.2;12.2;15.5;17.5;21.4;23.3;16.7;137;380;193;81;68;17;72;43;58;32;83;83;1247
–осарио;-32.9092;-60.7830;25;1972;24.9;23.6;19.4;17.0;16.1;12.8;9.4;11.1;14.7;16.2;19.0;23.5;17.2;105;6;192;28;4;114;28;113;238;172;122;80;1202
–осарио;-32.9093;-60.7831;25;1973;24.0;22.0;22.6;17.2;12.7;12.5;9.0;11.1;13.4;17.3;18.4;22.2;16.7;147;253;185;93;5;119;68;4;9;101;38;44;1065
–осарио;-32.9094;-60.7832;25;1974;24.3;22.3;21.7;17.7;15.5;9.8;12.8;10.9;12.2;16.9;20.2;21.7;17.0;102;59;38;80;54;30;81;13;34;26;30;159;707
–осарио;-32.9095;-60.7833;25;1975;23.7;23.1;20.7;17.5;15.3;13.0;8.7;10.9;14.1;16.6;20.0;24.7;17.3;45;135;125;61;41;76;8;56;134;52;47;32;812
–осарио;-32.9096;-60.7834;25;1976;24.6;23.3;18.9;15.8;13.5;9.9;10.3;11.5;13.7;17.0;19.9;22.6;16.6;216;89;98;65;102;5;6;121;16;99;106;204;1126
–осарио;-32.9097;-60.7835;25;1977;24.6;23.1;21.1;17.9;12.4;12.0;11.5;11.8;14.9;18.6;20.5;23.2;17.5;63;179;95;6;25;37;17;32;169;190;241;78;1132
–осарио;-32.9098;-60.7836;25;1978;23.1;22.1;21.3;17.0;13.6;9.7;12.6;10.4;15.2;17.9;20.4;23.2;17.0;139;63;277;15;5;19;44;2;151;90;101;485;1389
–осарио;-32.9099;-60.7837;25;1979;24.9;23.8;20.3;16.2;12.6;9.9;12.6;13.8;13.0;17.2;18.1;22.1;16.9;36;33;165;55;71;56;26;78;41;102;86;149;897
–осарио;-32.9100;-60.7838;25;1980;24.8;22.5;24.0;19.6;16.0;10.6;9.4;11.7;13.7;17.2;19.2;23.3;17.6;26;101;134;97;83;49;44;10;26;73;63;77;784
–осарио;-32.9101;-60.7839;25;1981;23.2;23.6;21.0;17.6;17.8;9.5;10.1;13.6;13.8;17.5;20.5;23.2;17.5;190;357;22;84;252;22;66;0.5;11;35;145;57;1242
–осарио;-32.9102;-60.7840;25;1982;23.3;22.1;21.6;18.8;15.0;12.0;10.7;12.7;16.1;17.1;19.2;24.0;17.6;97;158;69;67;45;26;14;7;128;101;43;40;795
–осарио;-32.9103;-60.7841;25;1983;26.1;22.9;20.9;17.2;13.6;8.5;8.4;11.2;12.9;19.3;20.4;25.1;17.1;74;140;44;28;55;30;2;63;32;123;134;88;813
–осарио;-32.9104;-60.7842;25;1984;25.4;23.7;21.3;16.2;13.5;8.7;9.1;10.0;14.3;18.8;20.1;20.7;16.7;84;223;129;38;52;16;12;20;98;128;78;95;973
–осарио;-32.9105;-60.7843;25;1985;24.6;23.9;21.1;16.9;15.1;12.3;11.0;11.7;13.8;17.1;22.3;23.2;17.7;9;62;86;145;22;39;70;48;101;140;28;137;887
–осарио;-32.9106;-60.7844;25;1986;24.9;23.1;19.4;18.5;14.4;13.2;11.6;12.2;15.1;17.7;20.4;23.5;17.7;162;65;78;195;18;44;0.0;44;50;75;151;73;955
–осарио;-32.9107;-60.7845;25;1987;25.3;24.5;21.6;17.9;11.4;10.6;12.5;11.0;13.5;17.6;20.8;21.8;17.3;41;113;247;78;89;0.0;49;20;14;98;97;97;943
–осарио;-32.9108;-60.7846;25;1988;23.6;22.7;22.9;15.6;10.4;8.9;8.9;12.0;13.8;16.3;21.8;24.4;16.7;145;71;256;28;0.0;1;31;5;91;53;24;63;768
–осарио;-32.9109;-60.7847;25;1989;26.0;25.1;20.3;18.2;13.6;11.4;9.5;13.3;13.2;17.1;20.5;24.9;17.6;62;62;46;100;40;21;31;75;14;57;142;163;813
–осарио;-32.9110;-60.7848;25;1990;25.2;22.6;20.1;17.5;13.1;8.9;9.8;14.9;13.4;18.9;21.8;21.8;17.2;107;85;87;88;56;0.2;19;21;26;171;214;-999.9;-999.9
–осарио;-32.9111;-60.7849;25;1991;23.0;22.5;22.5;17.2;15.5;10.9;9.8;12.5;15.7;16.4;19.7;22.8;17.5;135;21;40;289;86;81;56;25;35;74;46;258;1146
–осарио;-32.9112;-60.7850;25;1992;23.8;23.5;22.3;16.1;13.5;13.2;8.2;11.7;14.4;17.7;18.5;22.7;17.1;83;117;70;51;40;78;6;44;27;83;181;127;907
–осарио;-32.9113;-60.7851;25;1993;24.8;22.3;22.6;18.0;13.9;10.4;8.6;11.4;13.3;18.2;20.0;22.5;17.3;118;30;45;195;30;57;9;16;18;164;96;134;912
–осарио;-32.9114;-60.7852;25;1994;23.9;22.7;20.9;17.2;16.2;12.8;10.1;12.0;15.8;17.4;21.2;25.6;18.1;99;69;164;196;95;32;8;12;1;105;52;90;923
–осарио;-32.9115;-60.7853;25;1995;23.4;21.7;21.3;17.1;13.5;10.5;9.8;11.2;15.5;16.9;21.7;24.8;17.2;71;74;183;64;11;5;5;0.0;27;107;126;30;703
–осарио;-32.9116;-60.7854;25;1996;23.9;23.0;22.3;18.3;14.6;9.3;8.7;14.4;14.1;18.9;22.2;23.9;17.7;104;168;195;140;47;13;0.3;5;25;120;122;61;1000
–осарио;-32.9117;-60.7855;25;1997;26.5;22.7;22.1;18.6;16.0;11.2;13.0;13.4;15.3;18.0;20.9;22.6;18.3;77;24;29;77;43;49;14;24;1;85;158;144;725
–осарио;-32.9118;-60.7856;25;1998;23.0;22.0;20.2;17.4;14.8;11.6;12.5;12.0;13.7;19.4;20.6;22.2;17.3;143;96;138;24;97;8;22;112;11;56;160;251;1119
–осарио;-32.9119;-60.7857;25;1999;22.7;23.8;22.7;16.0;13.7;11.0;9.4;12.8;16.1;18.4;21.0;23.5;17.5;106;91;244;115;49;69;17;20;47;45;29;83;915
–осарио;-32.9120;-60.7858;25;2000;25.9;23.9;20.8;18.4;13.7;11.9;8.2;12.0;14.6;17.8;19.5;23.4;17.4;42;228;95;248;185;40;17;108;74;179;183;68;1467
–осарио;-32.9121;-60.7859;25;2001;25.4;25.4;22.7;18.1;13.3;12.1;11.0;15.1;14.8;18.3;20.9;23.2;18.4;215;68;309;101;7;11;2;132;114;230;123;85;1397
–осарио;-32.9122;-60.7860;25;2002;24.4;22.7;22.7;16.6;16.2;9.6;10.1;13.6;14.9;19.7;21.7;22.6;17.9;85;59;255;117;71;5;47;121;66;281;138;168;1413
–осарио;-32.9123;-60.7861;25;2003;25.2;23.1;21.8;17.0;14.4;12.9;9.9;11.3;15.0;19.8;21.1;21.6;17.6;30;101;148;147;56;0.0;67;40;27;51;94;154;915
–осарио;-32.9124;-60.7862;25;2004;25.3;22.5;22.8;18.7;12.0;12.0;11.4;13.0;16.1;17.8;20.6;23.5;17.9;73;49;75;167;74;39;13;14;6;117;98;129;854
–осарио;-32.9125;-60.7863;25;2005;24.6;23.5;20.9;16.0;14.4;13.4;11.4;12.2;13.5;17.0;22.0;22.8;17.5;152;40;162;106;6;38;33;41;40;63;50;56;787
–осарио;-32.9126;-60.7864;25;2006;25.7;23.7;20.1;18.6;12.5;12.5;13.7;11.5;15.0;20.3;21.0;24.8;18.1;81;114;86;142;0.0;72;3;3;16;113;135;207;972
–осарио;-32.9127;-60.7865;25;2007;24.0;23.2;21.1;18.9;11.5;9.1;7.7;9.2;16.6;19.0;20.0;23.4;16.8;87;207;509;63;53;15;1;12;77;174;20;91;1309
–осарио;-32.9128;-60.7866;25;2008;24.6;24.0;21.8;17.7;14.0;9.5;13.8;12.6;14.9;18.7;23.9;24.1;18.2;144;92;49;47;0.0;2;7;3;42;49;217;30;682
–осарио;-32.9129;-60.7867;25;2009;24.4;23.2;22.8;19.3;15.5;9.9;8.9;14.5;13.6;17.1;21.2;22.5;17.6;106;256;141;46;18;0.0;64;7;107;65;196;252;1258
–осарио;-32.9130;-60.7868;25;2010;25.4;24.2;23.0;16.8;13.9;11.1;9.4;10.2;14.9;16.9;20.9;23.9;17.4;192;264;82;87;80;5;21;11;80;39;27;124;1012
–осарио;-32.9131;-60.7869;25;2011;25.5;23.1;21.2;17.9;14.0;10.6;9.8;11.2;16.1;17.0;22.8;24.0;17.6;159;186;136;179;65;27;12;0.0;7;153;77;57;1058
–осарио;-32.9132;-60.7870;25;2012;26.0;24.5;21.6;18.0;16.3;11.1;8.6;13.6;15.8;18.7;22.6;23.9;18.2;116;195;146;24;83;1;9;151;137;331;99;333;1625
–осарио;-32.9133;-60.7871;25;2013;24.7;23.2;19.8;18.2;14.1;11.1;11.2;11.0;14.9;19.7;21.8;26.6;17.8;72;92;39;14;87;9;25;0.0;38;161;126;69;732
–осарио;-32.9134;-60.7872;25;2014;26.1;22.5;19.5;18.0;14.4;11.2;11.9;14.3;16.0;20.5;21.2;23.2;18.1;86;247;145;103;21;22;29;0.0;77;94;140;122;1086
–осарио;-32.9135;-60.7873;25;2015;24.7;23.8;22.3;20.3;16.5;12.9;11.6;14.8;14.4;16.6;20.7;24.6;18.5;196;58;120;47;92;17;53;124;19;80;97;77;980
–осарио;-32.9136;-60.7874;25;2016;26.2;25.7;20.7;17.5;12.7;9.2;10.2;12.7;14.4;17.7;20.5;24.4;17.6;81;378;74;225;6;58;24;42;25;151;76;145;1285
–осарио;-32.9137;-60.7875;25;2017;25.4;24.4;21.7;17.6;15.2;12.6;12.9;14.3;15.6;17.8;20.8;24.6;18.5;200;104;152;124;53;24;41;39;173;40;51;116;1117
–осарио;-32.9138;-60.7876;25;2018;25.4;25.4;21.6;21.8;15.8;9.5;9.9;11.1;17.7;17.6;21.2;22.9;18.2;20;5;28;191;155;4;15;23;22;-999.9;-999.9;-999.9;-999.9
–осарио;-32.9139;-60.7877;25;2019;24.5;23.6;20.2;18.1;15.1;13.4;10.3;12.1;14.6;18.0;22.7;23.0;17.9;-999.9;-999.9;-999.9;-999.9;-999.9;-999.9;-999.9;-999.9;-999.9;-999.9;-999.9;-999.9;-999.9
–осарио;-32.9140;-60.7878;25;2020;24.5;23.6;23.9;17.8;14.0;11.6;9.4;13.9;15.1;18.5;22.8;23.1;18.0;-999.9;-999.9;-999.9;-999.9;-999.9;-999.9;-999.9;-999.9;-999.9;-999.9;-999.9;-999.9;-999.9
–осарио;-32.9141;-60.7879;25;2021;24.5;23.1;21.4;19.4;13.0;10.6;10.7;13.1;16.2;18.7;21.5;25.3;18.1;175;8;51;40;30;0.0;26;0.6;33;14;55;13;447
–осарио;-32.9142;-60.7880;25;2022;26.2;23.2;19.8;17.2;12.5;9.2;12.6;12.9;15.0;18.4;23.3;26.0;18.0;21;33;38;42;0.6;0.0;3;0;8;60;54;38;297
–осарио;-32.9143;-60.7881;25;2023;26.8;24.4;25.6;18.3;16.0;12.6;12.4;13.7;15.2;18.3;20.9;22.8;18.9;95;36;112;26;166;0.2;23;0.2;16;91;92;173;831
–осарио;-32.9144;-60.7882;25;2024;24.9;25.4;23.4;18.2;11.1;13.9;9.1;11.9;17.4;19.8;22.1;22.2;18.3;79;141;331;139;3;0.5;4;40;0;150;34;146;1068
–осарио;-32.9145;-60.7883;25;2025;26.4;25.8;22.2;17.1;16.2;9.0;11.7;12.8;15.6;18.8;20.8;24.7;18.4;33;310;169;45;197;8;71;189;80;114;117;117;1450
–осарио;-32.9146;-60.7884;25;2026;25.1;24.3;999.9;999.9;999.9;999.9;999.9;999.9;999.9;999.9;999.9;999.9;999.9;16;85;-999.9;-999.9;-999.9;-999.9;-999.9;-999.9;-999.9;-999.9;-999.9;-999.9;-999.9
