date,spi3,spei3,spei6,gtk,temp,precip
1961-01-01,,,,,24.4,139.0
1961-02-01,,,,,23.5,58.0
1961-03-01,-0.38045645844667997,-0.40952952828588207,,,21.9,64.0
1961-04-01,-1.4660069516534366,-1.5028433679552844,,,18.3,46.0
1961-05-01,-0.7645311249337408,-0.7935612987988321,,,15.1,66.0
1961-06-01,-0.5880928409084337,-0.6489151789131457,-0.8326932921314754,1.157867450099369,12.05,29.0
1961-07-01,-0.2949689894019766,-0.31796793797488293,-1.3521923989688887,1.1541697339362709,10.7,37.0
1961-08-01,-0.7950423047008506,-0.8727510351979383,-1.1467971755438895,1.1225599092498937,13.8,36.0
1961-09-01,-1.1265903878176273,-1.205329728602105,-1.1593533767132194,1.0928491523965236,13.9,33.0
1961-10-01,-0.07861867293849105,-0.06877042554095515,-0.31270762056098156,1.2354679046924757,18.2,136.0
1961-11-01,0.3850062031273806,0.41726997081925765,-0.15612315250092482,1.3042138773833565,21.0,118.0
1961-12-01,0.9593351676175654,1.0360111441382862,0.3219880831127382,1.3713096313074886,22.3,134.0
1962-01-01,0.46648330686740297,0.5380935825067701,0.2292836901909109,1.2778617011437554,22.9,72.0
1962-02-01,-0.32330192742399494,-0.32207105525509816,-0.05467812663320265,1.2518956392559806,22.6,38.0
1962-03-01,-1.3560337470753017,-1.4114064910349549,-0.20587435737755833,1.2377530022420835,23.5,61.0
1962-04-01,-0.0660575258999242,-0.10162550909882896,0.14757454481979224,1.46954071045867,16.5,189.0
1962-05-01,-0.05584842280548122,-0.019774354471620605,-0.33056239665150416,1.40091935332562,13.1,13.0
1962-06-01,0.13884266822841726,0.16604608512748287,-0.9306287816197943,1.3810292665339456,11.5,14.0
1962-07-01,-0.45491523881832563,-0.5029178747193376,-0.5051288829900222,1.5477214101461734,8.5,92.0
1962-08-01,0.008442854626335924,-0.015450088355734602,-0.18893827603560256,1.583831236022564,12.0,49.0
1962-09-01,0.9272678115503702,0.9251592419955355,0.5742400981522049,1.6914411411811758,14.2,99.0
1962-10-01,-0.5987895323619078,-0.658813358591775,-0.794659337525535,1.508830950378469,16.4,18.0
1962-11-01,-0.031828381669392836,-0.031352766082209105,-0.030370358575365488,1.527614571092832,21.4,131.0
1962-12-01,-0.28392188222406006,-0.3070471248408455,0.2989441816229693,1.4715988133348976,22.6,102.0
1963-01-01,-0.12747029828368933,-0.11409400258016325,-0.5755782443389569,1.3975181144332471,24.1,33.0
1963-02-01,-0.6100250172104091,-0.65982136909916,-0.6328254946164387,1.4595406739643701,24.5,83.0
1963-03-01,0.31848322552297736,0.3663533597508437,0.06712275223697128,1.7714687939934304,20.6,234.0
1963-04-01,0.6565681654234382,0.7010695804620529,0.4015856866854474,1.5519746400739667,19.5,72.0
1963-05-01,0.4624572585974276,0.5236123400518182,-0.03598303106285,1.5737188944624767,14.5,33.0
1963-06-01,0.2930659925086002,0.33703224512656466,0.3163007467494849,1.7570527279265142,12.1,129.0
1963-07-01,0.48329791176639575,0.5592586308003585,0.6820697189174187,1.5840093411996063,12.6,48.0
1963-08-01,1.597728537457884,1.5498446622648223,1.16419292008958,1.7118116544944686,11.4,129.0
1963-09-01,1.6868239701294157,1.6198585792696725,1.2264644843860628,1.7978710236415396,13.3,150.0
1963-10-01,2.0457182250329105,1.7766138472422033,1.4619014323532054,2.008644009825565,15.4,148.0
1963-11-01,1.8973661507993689,1.7691528825794336,1.950284390404975,2.0741840700135854,18.0,152.0
1963-12-01,2.1129559327549083,1.9805432384698294,2.1709568381503166,2.2962294329105104,22.1,239.0
1964-01-01,1.275536998103905,1.3045671518882282,2.0167372438499305,2.283097788199506,24.0,24.0
1964-02-01,1.2602060300187743,1.3181459829144053,1.9780663049357903,2.4514162326940174,23.2,186.0
1964-03-01,0.8741499777703524,0.9238603736352115,1.6553162999627324,2.4451161310849505,20.2,227.0
1964-04-01,1.1935602789200754,1.2161749255366359,1.464863553640474,2.464698331193838,17.7,71.0
1964-05-01,0.7208400811385375,0.7728213890084419,1.1749931636142392,2.5323327478844,15.5,83.0
1964-06-01,-0.049764967150022904,-0.046411470089331795,0.5835500018358762,2.538983050847458,9.6,41.0
1964-07-01,-0.1683054420806466,-0.1707120299160782,0.8146669824273459,2.520287542676755,10.3,19.0
1964-08-01,-0.8840282199969637,-0.9593245739257319,0.21249324055977165,2.359937616754357,11.6,37.0
1964-09-01,-1.2766070393170952,-1.314638175776241,-0.7310908134751738,2.1732816210767307,13.9,45.0
1964-10-01,-1.160195580947072,-1.2762205704062208,-0.9120885041733218,2.0024261477216423,15.4,48.0
1964-11-01,-1.0752348169332233,-1.114027873400182,-1.4421361480432577,1.8541556604577447,18.5,68.0
1964-12-01,-1.4281033659311337,-1.4832480776170538,-1.7942139137071602,1.4965222862779108,22.5,31.0
1965-01-01,-1.8245838666904965,-1.8285606722301662,-1.894594183880384,1.5116711144140795,25.3,39.0
1965-02-01,-0.965091309576572,-1.0617918335624497,-1.7024001930527082,1.396422194522117,24.6,120.0
1965-03-01,-1.1250772368537554,-1.1947267254386154,-1.8889648402701587,1.070170685451097,19.2,30.0
1965-04-01,-0.04112866278086899,-0.07299442263087816,-1.1240720187726194,1.1905165688701962,17.4,141.0
1965-05-01,-0.6746501991393585,-0.6971161018862957,-1.1785288709836401,1.0871988339192318,13.4,15.0
1965-06-01,-0.04055379981907635,-0.035987708684467996,-0.9436639258793006,1.0072400350067625,15.1,40.0
1965-07-01,-0.573312267241315,-0.6380214542480905,-0.5498355137514274,1.0655750760556202,10.1,55.0
1965-08-01,0.021723806396771978,-0.0006705019221546158,-0.7132245455836402,1.0978391736898803,12.7,61.0
1965-09-01,0.017725367408205142,-0.08529912595332555,-0.17706058529290536,1.1041660056477456,13.6,48.0
1965-10-01,-0.9462466993788681,-1.0460483563959728,-1.112318509851232,1.0693342531907553,17.8,34.0
1965-11-01,-0.7194357716565709,-0.7642467241092615,-0.5714287994467497,1.120469944675825,20.4,107.0
1965-12-01,-0.5498513315385882,-0.6031440198797031,-0.5550388636070298,1.2092427390754135,21.4,84.0
1966-01-01,-0.16034332776974497,-0.15115059398883504,-0.7953733705251579,1.2687881265329226,24.0,72.0
1966-02-01,-0.40792824224709096,-0.4223435972852279,-1.0130314066115917,1.2193183263385476,22.1,80.0
1966-03-01,0.8858845184977069,0.9347399693018604,0.436816364657659,1.614352603616528,20.9,287.0
1966-04-01,1.3151388344893067,1.3208193402750814,0.979987223394108,1.60751008618389,18.3,141.0
1966-05-01,1.1978377827085018,1.1867275847651544,0.6891574301758691,1.62698906016907,15.5,38.0
1966-06-01,0.8689451973386477,0.93321051333861,1.136642717031318,1.782743793352374,13.0,129.0
1966-07-01,0.5758856158490672,0.6552748766984765,1.2265692763746014,1.764861376747368,12.0,54.0
1966-08-01,0.5699613249293309,0.5978864246299656,1.2686914244691974,1.7120280948200173,11.0,18.0
1966-09-01,-1.9194810013389483,-1.6787362238925452,0.09585725935781675,1.6657736312919593,12.5,13.0
1966-10-01,-1.84513667769647,-1.960735697346271,-0.5108825493080557,1.7292167571612818,15.7,63.0
1966-11-01,-1.1411162181684535,-1.175778576680077,-0.45557878850783734,1.6894532807938356,20.0,80.0
1966-12-01,-0.01935483612711953,-0.007158348579704799,-0.7855599568595284,1.7647058823529411,22.1,135.0
1967-01-01,0.3691929892830961,0.43501293160649224,-0.7785348379660213,1.8058511483116797,24.2,99.0
1967-02-01,0.201596559564922,0.2899780578846615,-0.7249848917643025,1.7757186679738146,23.1,66.0
1967-03-01,-0.5086617629867426,-0.5518033134961894,-0.440684515137389,1.456564855216184,20.2,82.0
1967-04-01,-0.2580243624867651,-0.32118583890565733,-0.0550922503198823,1.4207476783871735,18.2,118.0
1967-05-01,-0.07793201327108115,-0.04382362624405091,-0.018981845091042737,1.4428901861438486,17.3,60.0
1967-06-01,0.3014487822356227,0.346224892374466,-0.31126458888468445,1.4165255728965853,8.0,57.0
1967-07-01,0.5257806102079041,0.6036215704293327,0.01098276409759479,1.5035686500016914,10.3,98.0
1967-08-01,1.2184027350074806,1.230098069212079,0.502282424580811,1.6522794712705693,11.6,109.0
1967-09-01,1.2211180063380431,1.213913812398058,0.9071287905987311,1.7174173773987205,14.9,64.0
1967-10-01,2.502745085647409,2.038711815821561,1.688326087457587,2.115913847370763,17.8,316.0
1967-11-01,1.5893919447023261,1.535311247423978,1.6651701254740021,2.0240995373019635,21.6,34.0
1967-12-01,0.8508084041344389,0.9303850810092233,1.290500232311215,1.8220879706656754,24.5,25.0
1968-01-01,-2.266673187693266,-2.1774500146015336,0.768691579153197,1.7529093763656671,23.8,54.0
1968-02-01,-1.2929980607829337,-1.406710038612214,0.3573866643668839,1.7818017785797136,23.3,89.0
1968-03-01,-1.1743122909437549,-1.242149585455632,-0.199145202799294,1.7079775046865233,21.3,42.0
1968-04-01,-2.209280370550834,-1.9720542208355836,-2.5118127018075045,1.5447457572171879,15.8,5.0
1968-05-01,-2.0917050276604323,-2.042103696979703,-2.2209376515633563,1.4994538413160765,13.2,13.0
1968-06-01,-1.2096797075426282,-1.2819923354550773,-1.6514850521852154,1.4390289682787958,11.7,71.0
1968-07-01,-0.36729546180628153,-0.4018444913200581,-1.6756617083822398,1.3333333333333333,13.1,42.0
1968-08-01,0.6916729428351907,0.7243626306409946,-1.1865378255133703,1.306030066219089,13.5,99.0
1968-09-01,-0.13511653399323467,-0.25745499024692786,-1.19403145402577,1.230293094731036,14.5,13.0
1968-10-01,0.9368511319451278,0.9600376589785129,0.37425849395458005,1.0350502145460696,17.0,186.0
1968-11-01,0.5990565819924194,0.6390545254560381,0.8621313301894151,1.1466940565068757,22.3,109.0
1968-12-01,2.397982921438741,2.1713479089673196,1.6977267892182826,1.5616043625772669,22.3,285.0
1969-01-01,1.603625092556511,1.567263004879768,1.6382521860242807,1.5709801617367372,24.2,62.0
1969-02-01,1.0476099520178839,1.1394822626689232,1.250525091359942,1.54005695889054,23.9,68.0
1969-03-01,-0.47137768442456757,-0.5106171697217592,1.1939380511285949,1.655976316763291,22.1,121.0
1969-04-01,-0.11676584376191887,-0.15982863251287677,0.8306300773993119,1.7679457140248913,18.7,93.0
1969-05-01,1.0521776895986878,1.0667343197066266,1.2527916830046797,2.0719294277312823,15.1,225.0
1969-06-01,1.1762180062398393,1.2161828307539966,0.42458834560346453,2.009770762871101,12.4,34.0
1969-07-01,1.2638604835221223,1.2864567250113463,0.6722346423197376,2.0355582341419316,12.6,56.0
1969-08-01,-1.0138579326599462,-1.0816283075149205,0.5326019537780903,1.9095845280946857,10.9,0.0
1969-09-01,-1.481273874629709,-1.448497138091111,0.5098218095652529,1.9492404368250866,14.5,39.0
1969-10-01,-2.212199479732357,-2.296917624441182,0.1480220316534493,1.733227081864713,16.0,39.0
1969-11-01,-1.1943706487692123,-1.224979988638925,-1.6052557227876998,1.6951774058836264,20.3,74.0
1969-12-01,-0.8061968530072012,-0.8778314123571879,-1.3783776420155205,1.375311701623143,24.6,88.0
1970-01-01,0.3593566598403775,0.4244834913056076,-0.9211124061205396,1.5121831761968896,24.1,151.0
1970-02-01,0.23543951008709202,0.32792190326800286,-0.7249848917643025,1.5005179452806043,25.0,65.0
1970-03-01,-0.07663733457374104,-0.06860084231936654,-0.6346121386709933,1.4368689940396544,22.5,81.0
1970-04-01,-0.40935680038626326,-0.4914625233742143,-0.16711980959522985,1.4404532304725168,20.7,104.0
1970-05-01,-0.033904278721530186,0.004076075587025423,0.037104764088713986,1.2269197062645432,14.5,81.0
1970-06-01,0.13884266822841726,0.16604608512748287,-0.11376453900715128,1.2279530068911082,11.4,31.0
1970-07-01,0.16462569897292084,0.2116760874578286,-0.3734053251591645,1.245022199844372,11.5,63.0
1970-08-01,0.16430216219378185,0.1577792318063166,-0.08674865549799035,1.3468472563100324,12.4,73.0
1970-09-01,0.5968779822267583,0.5725057333773133,0.34667964991503275,1.3895161533134617,15.9,73.0
1970-10-01,0.4003720961987811,0.44814360524788555,0.35326595778215647,1.476524166078958,16.7,100.0
1970-11-01,-0.30242351505160553,-0.3252199857493714,-0.13794397306507317,1.4537918097514486,18.5,51.0
1970-12-01,-0.8831091830265205,-0.9576106740159582,-0.43193778450388515,1.4001620274835296,22.4,43.0
1971-01-01,0.08587479677326197,0.1251966715118585,0.2529258923327583,1.4677013680142323,23.4,192.0
1971-02-01,1.0411509683079032,1.1338397992474611,0.7547758464581733,1.6676008968609866,21.5,179.0
1971-03-01,0.891736744952341,0.9401512407210105,0.2669102608059786,1.6561107201501288,21.6,69.0
1971-04-01,-0.00018285982920845722,-0.025970622387325837,-0.042104039948861874,1.6000638111190875,16.5,48.0
1971-05-01,-0.7372901368446597,-0.7644422333674684,0.16261434467999494,1.5806974988353601,13.1,62.0
1971-06-01,-0.34817523154943103,-0.3835335555844529,0.43019857352810814,1.711682616307729,9.5,54.0
1971-07-01,0.2969314780906672,0.35889962336602704,0.03685746516866251,1.721423856192556,12.3,73.0
1971-08-01,0.2642210157667536,0.26813732109830424,-0.6305043403602753,1.6651279899286613,14.0,48.0
1971-09-01,1.0255189446560866,1.0245008293472517,0.26218853629793293,1.7573572566445879,16.1,129.0
1971-10-01,0.455036023331403,0.5039176911193203,0.48301881925751966,1.7110902759174926,17.0,74.0
1971-11-01,-0.009789838125937145,-0.007358829632114654,0.15967323466876204,1.677432111784867,21.7,47.0
1971-12-01,-0.28392188222406006,-0.3070471248408455,0.3751792697521612,1.8078596904551552,23.8,130.0
1972-01-01,-0.3743035608778113,-0.39192410650955567,-0.04563047976888059,1.5896446008856588,25.1,67.0
1972-02-01,-0.354694685835418,-0.3592918855781129,-0.4053319633884767,1.353212478380629,23.5,44.0
1972-03-01,-0.8181799629686206,-0.8850143058186211,-0.8639332289345234,1.417196171479128,20.7,105.0
1972-04-01,-1.361725841360677,-1.4205131149921266,-1.2061078201715758,1.3676576073961904,18.4,25.0
1972-05-01,-0.8290565240765886,-0.8621124186271223,-0.9506615267334224,1.3090031196601293,16.5,39.0
1972-06-01,0.41689065938949127,0.47153466754433493,-0.42117114964030744,1.4233302391371612,13.6,185.0
1972-07-01,0.9904120935535403,1.0531340904402575,-0.2037443243389053,1.3998665381478461,10.9,51.0
1972-08-01,1.7336346106710783,1.655780656115792,0.29626618589813647,1.4690482601801154,12.1,86.0
1972-09-01,0.7082148279256689,0.6942692097553991,0.6579948857198071,1.4031454469055762,15.4,82.0
1972-10-01,0.455036023331403,0.5039176911193203,0.9827396796838945,1.4219437247695363,16.2,83.0
1972-11-01,-0.02079965335857975,-0.019344567394483266,1.1635975439909019,1.4938782968873727,19.3,84.0
1972-12-01,-0.057854368846619174,-0.0508513244027629,0.31432315273924477,1.4671649105611368,22.6,107.0
1973-01-01,0.3396241213829032,0.4033039870690271,0.48279172533551257,1.5601851851851851,23.5,120.0
1973-02-01,0.6791090045301258,0.7965152756953398,0.5635180479014088,1.708221494732596,23.1,134.0
1973-03-01,0.9554631355574562,0.9984471929176005,0.7484297390573132,1.8333256496550028,22.7,197.0
1973-04-01,0.9739218718112548,1.0159306183842793,0.9044605866137421,1.97430320978514,17.6,112.0
1973-05-01,0.3982900978310163,0.45918113420708867,0.6366476446554225,1.9704356522282642,13.8,20.0
1973-06-01,0.3347938158681519,0.3826722592969626,0.8777398221631836,1.8590106229178451,12.4,107.0
1973-07-01,0.6169426064547909,0.697047619497419,0.9968475178508931,1.9401103230890464,10.3,99.0
1973-08-01,0.6335470326270632,0.6643612483639589,0.5728429395995904,1.8047919850033871,12.2,0.7
1973-09-01,-1.289329173421534,-1.3234692812988818,-0.35121631876583503,1.687403908639901,14.1,0.9
1973-10-01,-1.4715885908948543,-1.5973738573179144,-0.2986510964401216,1.7224744608399543,17.3,111.0
1973-11-01,-1.037365063866051,-1.0780929452464962,-0.3264592859005518,1.6744024501910262,19.0,52.0
1973-12-01,-0.8941798469795195,-0.9689852997203349,-1.399376661875971,1.5543615676359037,22.4,30.0
1974-01-01,0.8197950468299033,0.893817076715443,-0.21541860982066446,1.8010299699198384,24.2,280.0
1974-02-01,0.6500311791918912,0.7676122486375736,-0.14128097265689138,1.6699065952301928,22.3,47.0
1974-03-01,0.8858845184977069,0.9347399693018604,0.25518466662323547,1.5393390158116544,22.2,112.0
1974-04-01,-1.4660069516534366,-1.5028433679552844,-0.3921999989931448,1.368348089101736,18.8,9.0
1974-05-01,-0.9721773747657139,-1.011799933633042,-0.3062596518735788,1.375393928047677,15.8,33.0
1974-06-01,-1.7354416475951826,-1.7397246188104323,-0.2470851690022263,1.2342885872297638,10.9,11.0
1974-07-01,-0.36729546180628153,-0.4018444913200581,-1.4024641016213395,1.1919050942079554,13.0,82.0
1974-08-01,0.7456647850093067,0.7794064964461322,-0.5129908487999334,1.3884521381758175,11.4,124.0
1974-09-01,0.6642770212037791,0.6465355131046664,-0.9764051190325527,1.4089578408503842,12.9,9.0
1974-10-01,-0.6567115051644826,-0.7242454074947592,-0.7656357478827269,1.283076874813734,16.9,29.0
1974-11-01,-2.589212497777209,-2.3042078289708945,-1.2492685847527516,1.2319622281631566,19.7,22.0
1974-12-01,-2.0468090314162937,-1.9976460529885935,-1.2202180708581343,1.2656240185917969,21.5,48.0
1975-01-01,-1.4311586344356513,-1.4838908412922742,-1.457637995296053,0.9724600568708467,24.1,93.0
1975-02-01,0.3346000904733245,0.4374814858325146,-1.4699724240608385,1.16892261951334,23.2,175.0
1975-03-01,0.2407107029664667,0.2825387525472302,-1.0836679807679515,1.1101501690384463,21.2,71.0
1975-04-01,0.2750991433666084,0.2874933870918541,-0.6400087230193525,1.23472364582512,18.2,86.0
1975-05-01,0.031113983797236698,0.07443107483568091,0.15189676478197683,1.370100863416097,15.6,118.0
1975-06-01,0.4572850832685226,0.5147649893266432,0.36799222336484494,1.4155728622040484,13.3,50.0
1975-07-01,0.7906833718401006,0.8681213562096547,0.5866032919554727,1.5072531352530685,9.7,80.0
1975-08-01,0.9843357741928387,1.0141746669307694,0.44709663383321674,1.4839365121662809,11.4,110.0
1975-09-01,1.0828143870027716,1.0811498700239257,0.9319536338156998,1.5632472008310936,14.9,66.0
1975-10-01,-0.1666918548392668,-0.16785559747989112,0.5224353379321114,1.5485378577188278,17.3,22.0
1975-11-01,-1.454389587855323,-1.4560416333341868,-0.30394203058151004,1.5824810808148793,20.2,45.0
1975-12-01,-1.9653952152208343,-1.934501531441434,-0.8033429105581414,1.549506237006237,23.6,38.0
1976-01-01,-0.24918934868448714,-0.2513079781137272,-0.39755190650801586,1.6786648682906216,24.0,172.0
1976-02-01,0.5079979748663803,0.6226349326448469,-0.5869589823486479,1.5955208906437102,23.3,128.0
1976-03-01,0.5471775151251457,0.6053488540071702,-0.7005184909313495,1.6321129245699162,19.3,84.0
1976-04-01,-0.12533116869677344,-0.1696513328012074,-0.3505923127922491,1.6138309586024417,17.0,69.0
1976-05-01,-0.24437157970496212,-0.22620035300231528,0.070319698382666,1.562783038287361,15.2,85.0
1976-06-01,0.05922212971234649,0.07666992960697118,0.35656637114883444,1.590510400133656,10.4,53.0
1976-07-01,0.6250803745263908,0.7052672215314157,0.18135986852538666,1.520497444741547,10.8,89.0
1976-08-01,0.9843357741928387,1.0141746669307694,0.21249324055977165,1.4978376842703367,11.9,98.0
1976-09-01,1.1203639480885492,1.1177544421679009,0.6511088987896998,1.5153436469693125,14.0,73.0
1976-10-01,1.975966241466214,1.7333829549960613,1.4910170687095765,1.8775237671298206,16.7,247.0
1976-11-01,1.5456027407895232,1.5004460842641132,1.543811697880356,1.9539973202322463,19.5,89.0
1976-12-01,1.9988325804512335,1.9000899588081062,1.8894370115877899,2.2058469392669653,22.3,187.0
1977-01-01,0.18900063171161444,0.2393693898655698,1.4396178344637298,1.953075054340877,24.9,20.0
1977-02-01,1.4834524296358362,1.491733454290859,1.9680616768139034,2.2091808023152986,22.8,280.0
1977-03-01,0.4616952536023454,0.5174353634690296,1.4118275079389258,2.168820614153905,21.1,71.0
1977-04-01,0.5093556976573503,0.5454261707421988,0.44087338941030085,2.069904819219866,18.3,15.0
1977-05-01,-0.5786939744851415,-0.5931118633239828,0.6099015246163231,2.133073033348268,13.1,111.0
1977-06-01,-0.2588269731756989,-0.2830035425170034,0.07847280107314364,2.1052798578499807,12.2,47.0
1977-07-01,0.19357770577784245,0.2441988515094605,0.39280828712835525,1.9879898862199745,11.6,20.0
1977-08-01,-0.43441811196608693,-0.5014855085559959,-0.8571552687518259,1.9175621592663785,12.5,57.0
1977-09-01,0.18744173469510686,0.10869156340164847,-0.27055369990612677,1.9438276045413316,15.6,99.0
1977-10-01,0.3337921673998446,0.37919357198437087,0.3320818376791529,1.6695006956252896,19.1,84.0
1977-11-01,0.3016308745761972,0.3289016809886007,-0.030370358575365488,1.6717932943709626,20.6,96.0
1977-12-01,-0.6553234871711947,-0.7176900699005215,-0.5373935319572373,1.4311954691565896,23.3,35.0
1978-01-01,-0.5628875776174254,-0.6014478496904929,-0.27087848020419725,1.5594181459566074,23.5,97.0
1978-02-01,-0.11392855895374653,-0.07432407373904769,0.05453519930028151,1.3334772152679286,22.7,133.0
1978-03-01,0.18285852227070878,0.21949572001859838,-0.2943043950199912,1.3731627236183988,22.1,101.0
1978-04-01,-0.3995670987384938,-0.48056055016215177,-0.7557209954006072,1.380679719246398,17.6,17.0
1978-05-01,-1.2814621071415702,-1.3223263167823052,-1.0909116652600823,1.2109721415247239,14.5,6.0
1978-06-01,0.4572850832685226,0.5147649893266432,0.32207897529843943,1.5019543873688095,10.8,231.0
1978-07-01,1.931904063006387,1.7696674744044116,1.0374914669265776,1.7533936651583708,13.0,191.0
1978-08-01,2.7828412498724013,2.3472890703137512,0.8657423204677454,1.7363403288453567,11.6,41.0
1978-09-01,1.82292617001999,1.7271289652755273,1.421579076565995,1.7635190290634097,14.9,113.0
1978-10-01,0.9271400107381564,0.9514936170963338,1.7519890345322793,1.8650762915343504,17.9,143.0
1978-11-01,1.9475051902492542,1.8054304963340613,2.4087147227233747,2.030898222187718,20.1,200.0
1978-12-01,1.1875227042646535,1.2481617378461167,1.8060247923839585,2.0909062665051104,23.2,73.0
1979-01-01,0.10668103696726486,0.14833546033301429,0.6502007153736287,1.9522441540790163,24.7,15.0
1979-02-01,-2.406336391007178,-2.3496575579726917,0.2879974223373235,1.7754920868154405,24.8,29.0
1979-03-01,-2.1665760374589356,-2.0528869514549237,-0.349571946519576,1.7477519022365693,21.2,78.0
1979-04-01,-1.4304445314231036,-1.4752298430411992,-0.9093662448191513,1.8167856868617063,17.8,63.0
1979-05-01,-0.9045306631782901,-0.9414778598539773,-1.8575296592383401,1.8417934790971058,14.1,20.0
1979-06-01,-1.183207125698491,-1.2570024413655674,-2.025202295307396,1.4959069896023713,11.2,8.0
1979-07-01,-0.15714127510824158,-0.15773820820873932,-1.2359869688992913,1.3833535937956825,12.6,116.0
1979-08-01,1.3852887085239292,1.3752777738261035,-0.01919304880470166,1.545693812660693,14.0,158.0
1979-09-01,1.3787655490813833,1.3583405204241141,-0.010131689605023536,1.4049371757395817,13.6,15.0
1979-10-01,0.5728059878359768,0.621395840109462,0.2454164668316948,1.326068605632722,17.3,89.0
1979-11-01,0.03406197949790668,0.04035190959605249,0.9618878865370744,1.2545272405024273,19.2,150.0
1979-12-01,0.3171179291881116,0.37038703976119053,1.054762807817003,1.2654694333302317,21.9,75.0
1980-01-01,-0.12747029828368933,-0.11409400258016325,0.22137841342114162,1.302659467487662,25.2,41.0
1980-02-01,-0.7058142681098626,-0.7706155365616195,-0.6512144941626219,1.4072924747866564,23.3,94.0
1980-03-01,-0.2497034226831934,-0.26304011856400866,-0.0024112372090689844,1.4801251239795528,24.7,141.0
1980-04-01,0.8020688162987946,0.8490972784860253,0.5338679550965474,1.6405836546458001,19.8,178.0
1980-05-01,0.957806682009184,0.9860100627023562,0.3639874650513309,1.7472474868358066,16.4,103.0
1980-06-01,1.1627226766633874,1.2042972548810653,0.5513029123502561,1.8368506008250136,11.4,69.0
1980-07-01,0.813566494370935,0.889953640353086,0.9761464448897776,1.7998973212937515,10.4,79.0
1980-08-01,0.3130773840508968,0.32174668575164805,0.9409266857389015,1.617975479695547,12.7,31.0
1980-09-01,0.06144523307596133,-0.03550614453791109,0.9747719861597015,1.6741527153940383,14.6,57.0
1980-10-01,-0.6421394139332858,-0.7078088707198187,0.30353710326566596,1.6560856982681555,16.9,75.0
1980-11-01,0.3538628057145211,0.3843742648973314,0.4640409281459731,1.6591160472128366,19.2,152.0
1980-12-01,0.1323589899787074,0.16438139630224236,0.06076203645980493,1.6286352126814798,24.3,67.0
1981-01-01,1.275536998103905,1.3045671518882282,0.6001025595383856,1.8721736508893576,23.9,196.0
1981-02-01,0.4849461182459651,0.598522965375077,0.6266084573266871,1.8384846064588074,24.2,72.0
1981-03-01,0.45502297903066113,0.5104988761337851,0.436816364657659,1.8084373325166525,21.3,102.0
1981-04-01,-0.751376013316348,-0.8583533960489532,0.2743305870733861,1.6121333435984293,18.6,44.0
1981-05-01,1.1605508604449781,1.156536559133646,1.051040324587844,1.923547774989288,17.7,313.0
1981-06-01,1.437741083357922,1.4369420818740306,1.2000917386345522,1.8766879450036829,10.8,35.0
1981-07-01,1.7042025906458824,1.6175102503330738,0.7112785408583974,1.8101416898736116,11.0,39.0
1981-08-01,-1.2321427457610583,-1.2761298179452991,0.5865536361128106,1.7586793944184347,14.1,5.0
1981-09-01,-1.0983799206145417,-1.1837045544078517,0.8630530515999991,1.7758978744197407,13.6,63.0
1981-10-01,-1.2640413775235544,-1.385197149230623,0.9049960804575675,1.7468849254825312,16.9,56.0
1981-11-01,0.2911349370079935,0.3177118882848589,-0.45557878850783734,1.749559190125859,20.2,159.0
1981-12-01,0.14172301970611378,0.17491555336376238,-0.4406950851311873,1.7776963254833682,23.3,80.0
1982-01-01,-0.10568590523741196,-0.08954924876413456,-0.9127634683876545,1.5219282846631759,24.0,29.0
1982-02-01,-0.04777100674582634,0.0033169011103066546,0.10402688790946428,1.6737174063533573,22.4,163.0
1982-03-01,0.07881170981784803,0.10485461160669243,0.13520306979100088,1.6985689823874754,22.6,125.0
1982-04-01,0.43591039799286274,0.4657810199440025,0.2146064558935079,1.727394589324884,19.4,67.0
1982-05-01,0.009574731512032754,0.05117901380708043,-0.11056981991779564,1.3802929101047856,16.5,80.0
1982-06-01,0.4006126514087184,0.45401912568314956,0.19897187054622267,1.4697380032255118,12.3,100.0
1982-07-01,0.7830147253538252,0.8607681414903233,0.6967294847359323,1.5109138444701158,11.2,67.0
1982-08-01,0.5473773976874019,0.5740762475792635,0.1668329638004055,1.5600409491649732,13.0,32.0
1982-09-01,1.471145931211443,1.4395892840680882,1.149541886080364,1.7572054520369331,15.3,201.0
1982-10-01,1.6204423947454165,1.497737128156507,1.4017730831241937,1.881655372700871,17.4,141.0
1982-11-01,1.213212528371988,1.2217161557565004,1.1635975439909019,1.693447951155797,19.3,30.0
1982-12-01,-0.29393944185753285,-0.318341732985101,0.7239683741942097,1.6824236566285076,24.5,79.0
1983-01-01,-1.0071586103673058,-1.0730782778714296,0.519863858229527,1.7507338405319595,25.8,84.0
1983-02-01,-0.4844835485943745,-0.5127482905104968,0.4988854790316462,1.6000955280912292,23.2,66.0
1983-03-01,-1.0414614580658355,-1.1127040318495114,-1.022608601175941,1.4890681702306328,21.6,46.0
1983-04-01,-1.5024351279816723,-1.5306319820878032,-1.6505075011111745,1.4782188970676964,18.1,54.0
1983-05-01,-1.1123537078883483,-1.154864665634265,-1.225943717247414,1.4285714285714286,14.9,40.0
1983-06-01,-0.8710882056782756,-0.9485930690973953,-1.4132028392424303,1.3878602479471904,9.8,22.0
1983-07-01,-1.1549853088312156,-1.2572889664032594,-1.8780872621999176,1.3048616619987372,10.1,11.0
1983-08-01,-0.5124319546922516,-0.5842833938256881,-1.2720089904177212,1.4021358115268607,11.6,86.0
1983-09-01,-0.13511653399323467,-0.25745499024692786,-0.9589176957729328,1.177147554459515,13.6,57.0
1983-10-01,0.6873536688603323,0.7320025090254126,-0.23429412179116532,1.153185572912407,18.4,130.0
1983-11-01,0.03406197949790668,0.04035190959605249,-0.30394203058151004,1.2066021627774615,20.5,67.0
1983-12-01,0.5673570920761211,0.6406988515731122,0.3372685583472899,1.3212545377244331,23.4,145.0
1984-01-01,1.1081056615777634,1.1600626176209627,1.1861366121127594,1.486154350319515,25.4,183.0
1984-02-01,1.9033767561967252,1.7836875832008676,1.6865003300397374,1.7505399392669816,24.3,237.0
1984-03-01,1.1345112672243094,1.156089186633921,1.1715479522457812,1.7745725630013773,22.0,63.0
1984-04-01,0.5679399412282876,0.608033593642487,0.9756255913444328,1.8174415764188583,17.1,75.0
1984-05-01,-0.6924181741237597,-0.7162629680992767,0.8826662730727352,1.8374164810690423,13.8,46.0
1984-06-01,-0.14323186224760154,-0.15226514995926202,0.7698883848464934,1.9061967771518407,9.8,64.0
1984-07-01,0.035008981294627706,0.06432483624339029,0.35309585751532196,2.07998895275577,9.7,52.0
1984-08-01,-0.40379043282896515,-0.4686648231558718,-0.9319820377804852,1.9561300159401203,10.9,10.0
1984-09-01,-1.1847127593243854,-1.2488150957111324,-0.792470904348887,1.9251373863754189,14.1,42.0
1984-10-01,0.17400479692914272,0.2094962185560653,0.10958853715338722,1.9968960165545782,18.8,174.0
1984-11-01,0.18524656656013042,0.20413125633644624,-0.11080649917499445,1.9864442127215851,19.0,52.0
1984-12-01,0.15107347579927896,0.1854262814662326,-0.45822772081779806,1.8763176387912859,21.4,70.0
1985-01-01,-0.7981663718972558,-0.8558660512041546,-0.550139218275818,1.7179518902773112,24.3,87.0
1985-02-01,-0.4844835485943745,-0.5127482905104968,-0.3515359627500624,1.4346156581099336,24.0,72.0
1985-03-01,-0.4992897069875758,-0.5414669738768757,-0.3080620824381796,1.4865708931917547,21.3,89.0
1985-04-01,0.04004006233435226,0.020188536951336815,-0.532818575704136,1.5991452230433618,17.5,140.0
1985-05-01,1.9388776201565099,1.7181043444983524,1.2304810499914147,2.194207715972983,15.1,389.0
1985-06-01,2.4924116592823036,2.1681772919518503,1.4509185995196683,2.029868538693334,12.8,49.0
1985-07-01,2.4446626039477763,2.0729848991338375,1.5511078798997888,1.9763956538029224,11.8,92.0
1985-08-01,0.04812093175273475,0.028703997397848544,1.7246743319159346,1.973001038421599,12.4,17.0
1985-09-01,0.03240059847653767,-0.06860574281878834,2.016333753457958,1.9919208803454516,14.4,56.0
1985-10-01,0.4003720961987811,0.44814360524788555,1.8945418097630764,2.0057708804491927,17.2,173.0
1985-11-01,1.8553318512285824,1.7383660098917428,1.3301199149380998,2.2395551780060234,21.1,216.0
1985-12-01,1.5090312390226712,1.524650719180515,1.16229905209833,2.221574433483177,22.8,68.0
1986-01-01,0.9964056108940049,1.0595459452571971,0.9411375143978657,2.237386903849103,24.4,98.0
1986-02-01,-0.937718319442069,-1.0317491148804423,0.7481984330401306,2.165915570679665,24.1,26.0
1986-03-01,-1.0065570745603547,-1.0779238128174478,0.392602948986401,2.15366615865392,20.4,75.0
1986-04-01,-0.285577126691224,-0.35243544713197406,0.344451847925521,2.171487950610492,19.1,162.0
1986-05-01,0.4624572585974276,0.5236123400518182,-0.18660321313961,1.7362014851106176,14.7,102.0
1986-06-01,0.9265126338161188,0.9881973555964406,-0.10118530761471052,1.7344214781481198,13.6,52.0
1986-07-01,0.3061194263763564,0.3689817418028532,-0.17616755819822827,1.6443315434812367,12.4,36.0
1986-08-01,1.0243425849307384,1.0521010748441526,0.8438867067935736,1.8566428245320346,12.3,156.0
1986-09-01,1.0543154982093768,1.0530920864172588,1.2691620757110316,1.8591592047351644,15.0,61.0
1986-10-01,1.8495724067787918,1.6526288638158195,1.2858355239263424,1.8747253080338875,17.5,185.0
1986-11-01,1.6416021301800408,1.5763394245183782,1.6077624637021586,1.8201757726227283,20.0,174.0
1986-12-01,1.114978134579124,1.182176578068284,1.3615874077851693,1.786338689815589,23.2,48.0
1987-01-01,-0.062425603648260726,-0.04085433250342603,1.2208483967248749,1.7077310058490165,25.1,50.0
1987-02-01,-0.397187891532025,-0.409631614232572,0.876269422181009,1.8749810989808569,24.6,139.0
1987-03-01,0.3531880050049943,0.4033726075888736,0.9167095370835584,1.9957416181850895,22.2,166.0
1987-04-01,0.5093556976573503,0.5454261707421988,0.3037539617360682,1.8451291590411325,19.0,61.0
1987-05-01,-0.1981657765807789,-0.17542048502918678,-0.4913221273247014,1.7353743558654136,12.5,17.0
1987-06-01,-1.304325882654995,-1.3698078848885047,-0.6036806804340219,1.6740424233175644,12.1,4.0
1987-07-01,-0.6143696221168699,-0.6843580764494183,-0.04141968185669251,1.747037499619216,12.8,86.0
1987-08-01,-0.0998642041315925,-0.13585070908174535,-0.3746859068612051,1.6007820614651433,11.7,57.0
1987-09-01,0.3194011538644644,0.2598295346895823,-0.9764051190325527,1.5856399519689648,13.3,43.0
1987-10-01,0.06775661749252758,0.09374587721477108,-0.4287302301078801,1.4830802435828256,17.2,117.0
1987-11-01,0.31211020346257606,0.3400599798890776,0.17646321416335645,1.394027788439395,20.9,120.0
1987-12-01,0.6284791728767924,0.7047759302642261,0.6216378637921595,1.5015757276153987,21.9,112.0
1988-01-01,0.13771901720969473,0.182760518975224,0.060871149673085344,1.5205766100906764,24.4,59.0
1988-02-01,-0.13314374882711708,-0.09695787435249509,0.04622907544844186,1.4559171966579374,22.5,92.0
1988-03-01,2.3192519532346973,1.9967359799209337,1.92753324549266,2.1045105536385957,22.8,586.0
1988-04-01,2.150806652118639,1.9335588052496768,1.7384095616587318,2.066427627854312,16.5,21.0
1988-05-01,1.8890599913925963,1.6861187432894074,1.3026535464772815,2.0406878864641187,12.4,0.0
1988-06-01,-2.2340784979742265,-2.1089607027114616,1.2000917386345522,2.0562170046134085,10.5,4.0
1988-07-01,-2.5045560081237808,-2.27296857774801,1.2086591525166188,1.979434447300771,10.1,21.0
1988-08-01,-2.042272812572308,-1.8759665282109292,1.2027256924712608,1.9101769628825145,12.9,21.0
1988-09-01,-1.8179677237835592,-1.6319162092601809,-2.2926949929591967,1.9087983174532357,13.8,45.0
1988-10-01,-0.1539823450267843,-0.1535096189522315,-1.4122383269012295,1.94582465138644,16.0,133.0
1988-11-01,0.6290903506023947,0.6694960830149383,-0.45557878850783734,1.9685544681533769,20.7,133.0
1988-12-01,0.24384268285250996,0.2891994131747059,-0.519766116298952,1.834789515488483,23.9,40.0
1989-01-01,-1.0611287233970588,-1.1276491407143032,-0.9461272614547009,1.7552444240998846,25.7,16.0
1989-02-01,-2.6461944419624093,-2.5059733393887185,-1.050338460768397,1.6841246942231696,24.8,54.0
1989-03-01,-1.1867957701898812,-1.2540689663994171,-0.693166886154357,0.9490627611104979,21.7,114.0
1989-04-01,0.6189443209858928,0.6618293937628398,-0.1074535714803505,1.2402424393512097,19.0,215.0
1989-05-01,0.44971054856269477,0.5108895716077014,-0.7080365258202566,1.2365806392076042,15.1,8.0
1989-06-01,0.5993076281254385,0.6638894268936737,-0.47967849083031,1.2926703005572642,12.7,49.0
1989-07-01,-0.8336931505487742,-0.9260145692005386,-0.028237828492219542,1.3102757196647639,10.7,35.0
1989-08-01,1.4304534432103324,1.413335104165956,1.060063810982585,1.5776918896068604,14.1,203.0
1989-09-01,1.1389515133042978,1.1357204576241253,1.0755136365795115,1.5459870765142822,13.8,24.0
1989-10-01,0.6770673295073477,0.7222206241687136,-0.08237451094520434,1.4091716599921713,16.6,45.0
1989-11-01,-1.1146731924368858,-1.1511105901384289,0.3237589623410679,1.3471878209388026,20.0,89.0
1989-12-01,0.018912678411684567,0.03622872797336512,0.6835078330245891,1.5039629423531002,24.8,148.0
1990-01-01,1.5095747894859781,1.4946180478513498,1.4500059814851327,1.7928916587634915,25.5,207.0
1990-02-01,1.8675090292953396,1.7603509934387722,1.214079106583473,2.0308876797866056,23.2,203.0
1990-03-01,1.3310094130485057,1.3188573719839884,1.0828124651380875,2.036305994604399,20.5,110.0
1990-04-01,1.3546389315502736,1.353889906219828,1.653542759139686,2.031017502952952,17.6,203.0
1990-05-01,0.6060742118950899,0.6642243067113534,1.4489754075197543,2.1039165215246842,14.1,49.0
1990-06-01,0.4972595164869946,0.5572026341394033,1.2697804213548114,2.0543797263932664,11.1,7.0
1990-07-01,-0.8967345188335017,-0.9933349084686282,0.7064411069132452,2.0497212689638036,10.7,32.0
1990-08-01,-1.589123672853882,-1.5636924577396192,-0.14113506842882195,1.770914170417507,14.2,24.0
1990-09-01,-0.4259239121475029,-0.5712172538425221,0.12000199984800383,1.8611154264408885,13.6,81.0
1990-10-01,-0.01694560807947717,7.896798725225612e-05,-0.669895999359984,1.9319961912952668,19.0,105.0
1990-11-01,1.6675714041909395,1.5965302717841052,0.63299242000613,2.14152983824291,21.8,237.0
1990-12-01,1.3618141145599871,1.4012179180684536,0.8858614886481107,2.0929621442814526,21.7,96.0
1991-01-01,1.6884927831825416,1.6310705946263497,1.238012322830807,1.999282068890172,23.5,134.0
1991-02-01,0.24383680476766,0.3372948977784089,1.2761239266205757,1.8042406697441513,22.6,75.0
1991-03-01,-0.56563163966373,-0.6143738542791498,0.5175870917414023,1.6628254110659095,22.9,32.0
1991-04-01,-0.8474889700884888,-0.9554995742543264,0.5231047707898121,1.5046528495810119,18.1,103.0
1991-05-01,-0.7645311249337408,-0.7935612987988321,-0.4913221273247014,1.4760654536573452,16.4,41.0
1991-06-01,0.41689065938949127,0.47153466754433493,-0.25988898589592835,1.6219426761292681,11.6,105.0
1991-07-01,0.6493498867494674,0.7296617297927266,-0.2665348981298702,1.7003333688520845,10.8,84.0
1991-08-01,1.004391494309303,1.0332397697359303,-0.18893827603560256,1.7544128228287992,13.0,53.0
1991-09-01,0.5854628439910778,0.5598769695072414,0.5813131302382442,1.7201435471903814,16.0,71.0
1991-10-01,0.2546996799738785,0.2959059236912026,0.6301762791229892,1.7491906157457842,16.2,109.0
1991-11-01,-0.09840275377484267,-0.10385157331102057,0.6187563469333218,1.4979122363131179,19.3,62.0
1991-12-01,1.4163987672636176,1.4475955796674518,1.3263722548973649,1.7648693718732626,22.8,274.0
1992-01-01,2.5933743344552145,2.223017620881474,1.959591597966676,1.9553882701385241,23.7,258.6
1992-02-01,2.8605968625979648,2.3183691916436997,2.328730185347679,2.1924962206239402,24.1,243.2
1992-03-01,1.8773903800805885,1.7198406287260055,1.9105750232686065,2.343612706695946,23.0,131.68817317304965
1992-04-01,0.9880059477307118,1.0292089294126188,1.8701832146383777,2.297394079460685,17.8,70.65082513648726
1992-05-01,0.8285521251316115,0.871586134279197,2.027344895254675,2.560083629041996,14.4,197.0
1992-06-01,1.2341114805649926,1.2666125382426967,1.9855356962028075,2.5240414942375446,13.1,93.0
1992-07-01,1.637612741291411,1.570700128124636,1.5224832567965296,2.662960746744527,8.8,85.5
1992-08-01,1.1467541639716583,1.1655355224232116,1.2162523560316023,2.712850725867662,12.3,78.0
1992-09-01,0.5566884835956252,0.5279345772040029,1.2540582537972909,2.6854318016908656,14.5,42.0
1992-10-01,0.06775661749252758,0.09374587721477108,1.2879153342407887,2.641767929822392,18.0,97.0
1992-11-01,-0.8189232509076546,-0.8647091802338452,0.26322794968193985,2.6221345966887313,18.3,42.0
1992-12-01,-0.3950211180220411,-0.43179254385353083,-0.06732559839239068,2.340838357603188,22.8,101.0
1993-01-01,-0.24918934868448714,-0.2513079781137272,-0.23724140902618887,2.084605336798763,25.4,112.0
1993-02-01,0.4617138901259468,0.5740622561035952,-0.21000128345701302,1.9038016097557404,22.7,119.0
1993-03-01,-0.02126045039301707,-0.006588127127897569,-0.3080620824381796,1.8072979278098642,23.1,73.0
1993-04-01,0.5290298218280717,0.5665459562675172,0.22063121466896968,1.9717647821576763,18.7,177.0
1993-05-01,0.42408782401768463,0.4851996583538789,0.5230078486244658,1.7869878112033193,14.4,83.0
1993-06-01,1.3673491353551246,1.379282773327921,0.8536256081020447,1.8431263858093125,11.9,121.0
1993-07-01,0.6412838268230392,0.7215739683560399,0.6771583900924127,1.74448937002739,10.0,25.0
1993-08-01,0.3731688544179942,0.3872796335395484,0.4594271574324192,1.6784265158798704,12.4,38.0
1993-09-01,-1.4448999060852945,-1.4259763704611577,0.7192028729757022,1.6702929965481703,13.7,33.0
1993-10-01,0.17400479692914272,0.2094962185560653,0.5801910633603532,1.7687654705506284,17.6,155.0
1993-11-01,1.5015540336070796,1.4649497992590408,1.254047323315051,2.0399524608045847,19.7,216.0
1993-12-01,1.9628187330378224,1.8741866936591016,1.1176933332112249,2.123416428279526,22.0,147.0
1994-01-01,1.1757016049374738,1.2192838779505526,0.9475589843322908,2.0304148533037676,23.0,40.0
1994-02-01,-0.3337217391700939,-0.3344271273390539,0.8131436205696148,1.9190503668287855,23.5,56.0
1994-03-01,0.20468473863800343,0.24334508035678384,1.2699584655979392,2.2080079747466357,21.6,238.0
1994-04-01,1.077715907120623,1.1123753330821216,1.3489920380407678,2.206251044626441,17.5,168.0
1994-05-01,1.1444705396789998,1.143405528209813,0.6761518530650952,2.129032258064516,16.4,50.0
1994-06-01,0.5603732006318274,0.6234737492904243,0.4133407897306065,1.9960571710202069,13.3,49.0
1994-07-01,0.05541238718277753,0.08768740367304254,0.810091069980719,1.9514546500598653,11.1,65.0
1994-08-01,-0.26976999131315477,-0.3232631614616072,0.8874312818757134,1.9231665449800381,12.6,21.0
1994-09-01,-1.2146831225959036,-1.2706762185994402,-0.0930565530188225,1.8842613294681816,15.3,17.0
1994-10-01,-1.1095350550403102,-1.2223902091766212,-0.679398881902535,1.79431747992588,17.3,95.0
1994-11-01,-1.4684144467332216,-1.468076143297981,-1.35066425621703,1.4793261868300154,21.5,20.0
1994-12-01,-0.5394052883704029,-0.5916951227816425,-1.0876234518003518,1.4055132390279288,24.8,111.0
1995-01-01,-1.0611287233970588,-1.1276491407143032,-1.4812553958664108,1.4260356809771653,24.0,58.0
1995-02-01,-0.5521239408936846,-0.5922126650890441,-1.6652441625886465,1.4284420016307793,22.6,54.0
1995-03-01,-0.6535845571465358,-0.7099814324493702,-0.9316393616689292,1.248510984785657,21.9,120.0
1995-04-01,0.8197299482438335,0.8666489195664915,0.10420144080489323,1.3576363280603259,17.9,242.0
1995-05-01,0.7445822455211106,0.7948563765599876,0.24178700257351118,1.3250348294869465,15.1,23.0
1995-06-01,0.7736419071827154,0.8402023606829097,-0.026196740857348626,1.308148419830063,11.3,30.0
1995-07-01,-1.1182731228449359,-1.2209968310025099,0.0752582933026962,1.2430242336212827,11.0,22.0
1995-08-01,-1.589123672853882,-1.5636924577396192,0.014384784386159736,1.2341694331734907,11.5,11.0
1995-09-01,-2.3766757569043317,-1.8460406545989103,-0.06806000428477506,1.2789731277126235,15.0,45.0
1995-10-01,-1.0762058024574834,-1.1867425917566654,-1.5612113626559652,1.2555459699285185,17.1,79.0
1995-11-01,-0.154417537400839,-0.16481120878616184,-1.0172190247840296,1.4020567616812327,21.0,113.0
1995-12-01,-0.6023553690079444,-0.6604115543759459,-1.3608619120267886,1.2806383011750826,23.7,28.0
1996-01-01,-1.088388504056212,-1.1549646592352851,-1.4812553958664108,1.2607974194749005,24.2,46.0
1996-02-01,-0.8576450612618167,-0.9428667803300044,-0.919853278527946,1.3596957238108436,23.4,124.0
1996-03-01,-0.9835818328525822,-1.0548602449561826,-1.2144436798711502,1.2168395886653078,22.9,31.0
1996-04-01,-0.21288127660408418,-0.26980078091525983,-0.9093662448191513,1.0195204590894522,18.8,116.0
1996-05-01,-0.9917936805090781,-1.0320407326545735,-1.3554458244902452,0.9892401114036555,15.7,5.0
1996-06-01,-0.7207348539016293,-0.7915019095426722,-1.2987692283477843,0.959261918218339,10.5,8.0
1996-07-01,-2.323059132363679,-2.1731843661741435,-1.3521923989688887,0.9541633429465545,10.1,16.0
1996-08-01,-1.5651495576795784,-1.5455552715551324,-1.548243516761771,0.9846032850358449,14.5,40.0
1996-09-01,0.0900941679553112,-0.002790098346203983,-0.7135573367761475,1.0934030840354025,13.8,113.0
1996-10-01,0.1506426275317979,0.18422793266082468,-1.112318509851232,1.0751549977317405,18.3,71.0
1996-11-01,0.7085417677223327,0.7491350812990237,-0.21106932473656653,1.1064150943396227,21.4,135.0
1996-12-01,0.05695180692974666,0.07929211930435359,0.01155186714927049,1.183244652789292,24.0,80.0
1997-01-01,0.7016800692545112,0.7783751409854115,0.5638576671557705,1.3055181695827724,25.9,134.0
1997-02-01,0.04395197964325625,0.11002453183983397,0.4988854790316462,1.2296809151113786,22.7,68.0
1997-03-01,0.23354009824631217,0.27475529592660386,0.20778533006734445,1.3935702301960367,22.0,136.0
1997-04-01,-0.14256245320958116,-0.18940156436976577,0.24461418438530336,1.3279872175577696,19.4,75.0
1997-05-01,0.3982900978310163,0.45918113420708867,0.2573641277108534,1.4927390409827446,16.5,118.0
1997-06-01,0.47332460820093314,0.5318347672387502,0.3736919230707291,1.5626629325626777,12.3,63.0
1997-07-01,0.5841467593797033,0.6637204338276874,0.13815618003721175,1.578761686364438,13.0,41.0
1997-08-01,0.5699613249293309,0.5978864246299656,0.5386363648577096,1.6663474430185787,14.0,97.0
1997-09-01,-0.08804026776716592,-0.2048177817226506,0.25441472218278083,1.5224700130665216,14.6,19.0
1997-10-01,0.1389091266125767,0.1714966767981262,0.5159170186135393,1.5839742548825675,17.1,107.0
1997-11-01,-0.154417537400839,-0.16481120878616184,0.26730105076507416,1.5589008931357835,19.9,111.0
1997-12-01,0.5979874160086505,0.6729149420019481,0.38647090431962305,1.6484755547537435,21.5,127.5
1998-01-01,1.0007455312569395,1.0635135158197946,0.7925238016305255,1.6870978562498091,22.9,144.0
1998-02-01,0.8378149057327401,0.9495200454957833,0.6369739993530849,1.7601970563936231,21.9,112.0
1998-03-01,0.32545572011478074,0.3738105794831139,0.6083563680796111,1.7055586300190617,21.0,95.0
1998-04-01,-0.16866616443785895,-0.21928907937573536,0.42130224995369436,1.7049843947962053,18.3,69.0
1998-05-01,-0.4939195723152423,-0.5005322378386338,0.14921147555345626,1.5959840479183156,15.6,43.0
1998-06-01,-0.7207348539016293,-0.7915019095426722,-0.32414610564785556,1.5238937229537945,12.4,17.0
1998-07-01,-0.6282457528432673,-0.699949529887944,-0.6938715326722427,1.5294427407613915,13.3,46.0
1998-08-01,-1.1910179832882515,-1.240568679185654,-1.0801689032679922,1.4125128268913836,13.2,18.0
1998-09-01,-0.5405417385714752,-0.6879611757351238,-1.046256760679238,1.4906183767610024,14.1,67.0
1998-10-01,-0.9943706836972771,-1.098453845158055,-1.1836791700052145,1.4001114516578432,18.5,55.0
1998-11-01,-0.7689720523050911,-0.8145118033723415,-1.3608179449012914,1.3239658690409941,20.2,63.0
1998-12-01,0.009367351294461897,0.02541162483401884,-0.35341876511960363,1.3709578261404154,22.7,163.0
1999-01-01,1.4058800498302615,1.4120824989056768,0.5492533093679026,1.4689108788803602,22.3,205.0
1999-02-01,1.7206489994302552,1.6618030029994206,1.2088137383048032,1.5380133100254547,23.1,162.0
1999-03-01,1.336177549171084,1.3229977388433705,1.0828124651380875,1.6154302490074686,22.7,154.0
1999-04-01,0.3533001964450802,0.37480223489043096,0.9930123048005791,1.5636737134184666,16.6,27.0
1999-05-01,-0.3627572781193443,-0.3564835812622961,0.8982769336012979,1.5688508436999629,14.7,42.0
1999-06-01,-1.27695892501679,-1.3446620988134654,0.43579974273518735,1.571578687105946,11.6,15.0
1999-07-01,0.01442793264989895,0.040704988380100636,0.1505695331952277,1.675716158022842,11.3,103.0
1999-08-01,0.337242046430847,0.34815708184133676,-0.28503309473678035,1.747618303920037,13.0,63.0
1999-09-01,0.8356404128552571,0.8300957423093618,-0.5647633822372035,1.7347414194750734,15.3,65.0
1999-10-01,-0.7156286824246977,-0.790506151632965,-0.4833369501431922,1.7041198501872656,17.5,30.0
1999-11-01,-1.3847898784707129,-1.395675997728473,-0.8272677062651929,1.6744767260231177,20.0,43.0
1999-12-01,-1.6518135420586701,-1.6787663700608093,-0.8122353178349898,1.5044275380394112,23.1,56.0
2000-01-01,-1.102088485174316,-1.168629295542098,-1.306429797807731,1.3040800615858352,24.9,87.0
2000-02-01,-0.7552763711960996,-0.8272223175788308,-1.7674074501769774,1.1429968521744445,24.0,63.0
2000-03-01,-0.9721802766835388,-1.0433653492236084,-1.9299296268484372,0.9927770093745196,21.5,52.0
2000-04-01,-0.00018285982920845722,-0.025970622387325837,-0.7339274127489928,1.2171002586338049,18.8,181.0
2000-05-01,1.6461817672466,1.5229384804650588,0.929111339551322,1.6446366571237134,14.5,322.0
2000-06-01,2.7615579582906746,2.322284293428747,1.4801644510300271,1.8058622462869416,13.1,129.0
2000-07-01,2.2762333468769134,1.978801168297136,1.432423387489764,1.8126646969575977,9.1,44.0
2000-08-01,0.9540527619656479,0.9851889476481007,1.7840244503586145,1.8214761011432326,12.2,64.0
2000-09-01,0.845980378594307,0.8409364916315435,2.3933798528815315,1.927201767542374,14.1,124.0
2000-10-01,1.032813380049239,1.0430362762054295,1.9639102431179372,2.0744208572120426,17.3,120.0
2000-11-01,0.9701505173050018,1.0015325402090425,1.2279242947878575,2.178105501985252,19.2,102.0
2000-12-01,0.10418493846152514,0.13264058418255212,0.5369404183376338,2.203601760283204,22.7,69.0
2001-01-01,0.9088469256557264,0.9784229622813059,1.2550496166114935,2.3839235070091562,25.3,201.0
2001-02-01,0.9293793960397347,1.0341373487761734,1.3508223416893206,2.483778579634633,25.2,127.0
2001-03-01,1.5176726346796625,1.4640010498970661,1.2557528187231184,2.7508636619265685,22.9,229.0
2001-04-01,0.7902324653805791,0.8372829820354214,1.031555258933206,2.553328503582065,18.4,55.0
2001-05-01,0.6305158542861011,0.6876386616788549,0.9367402010431872,2.170197671793879,14.2,82.0
2001-06-01,-0.11492823706259962,-0.12020472912291534,1.1280405736556045,2.0454252161569233,13.0,51.0
2001-07-01,0.2504823502916583,0.30763536163596455,0.6623497737604003,1.946713489579357,11.3,51.0
2001-08-01,1.1322665397831653,1.1523163653530961,1.0448294172703112,2.057284203858162,14.8,153.0
2001-09-01,0.8767574132031549,0.8730358217421947,0.3314587400687445,1.9135514370455127,14.5,31.0
2001-10-01,1.695250685671763,1.5495649417978816,1.1779370707429182,2.0277577505407356,17.8,199.0
2001-11-01,1.2407348170530876,1.2457658061972734,1.4589197487599095,2.0867038168853735,19.8,145.0
2001-12-01,1.0252899747074224,1.0987170598758194,1.2113436695366468,2.064113526243943,22.4,52.0
2002-01-01,0.5239483054369755,0.5980140039102553,1.434404903097047,1.9712748481605957,24.3,133.0
2002-02-01,-0.5983284672838998,-0.6461987916392843,0.44754944082445414,1.8506389654699706,22.7,34.0
2002-03-01,0.661897725773822,0.7204092345249917,1.0668933319529073,1.868601074330839,21.9,235.0
2002-04-01,0.6689935016730884,0.71394404987667,0.7491563817682918,1.97931553793432,17.5,122.0
2002-05-01,1.5296391900491804,1.4401139033292765,0.8865811309917655,2.0957356335803667,16.7,174.0
2002-06-01,0.990336623576334,1.0480982373641354,1.049078224501308,2.0793777178906105,11.2,29.0
2002-07-01,1.2375728212953119,1.2649996100576777,1.127289071903216,2.1676854022090475,11.2,108.0
2002-08-01,0.913295087775049,0.9458026869107715,1.6790038659577415,2.0902919943971554,13.8,96.0
2002-09-01,1.309743429384851,1.2960097750745447,1.4554826437433281,2.1610971724106083,14.5,77.0
2002-10-01,0.3893509932672191,0.43680622317962337,1.1279046766901428,1.9525695325759542,19.2,72.0
2002-11-01,0.055876586908125546,0.06406277008167946,0.6541856105172885,1.884955348313581,20.9,107.0
2002-12-01,0.6284791728767924,0.7047759302642261,1.205952711188693,2.062529448421565,22.6,170.0
2003-01-01,1.7037891921458592,1.6423996203724807,1.4396178344637298,2.146137407356886,24.9,192.0
2003-02-01,2.0829158598368482,1.8964373775190912,1.8317430313446657,2.452678882147342,23.1,239.0
2003-03-01,2.0385165607589433,1.8252095883998594,1.7682078268670767,2.454126708449747,22.3,239.0
2003-04-01,1.4560623642550439,1.436770660397546,1.7817641564125482,2.3579138048154578,17.6,59.0
2003-05-01,0.5318127272395555,0.5921535968791519,1.5331043646458271,2.1880840588959294,15.3,52.0
2003-06-01,-0.49210387467923383,-0.5437305444299269,1.428692270075364,2.1843599825251205,13.1,39.0
2003-07-01,0.01442793264989895,0.040704988380100636,1.1081914364109222,2.1246160332470034,11.3,69.0
2003-08-01,-0.2843669103226237,-0.3392248038335818,0.2513282191840377,2.0401643085349153,11.6,26.0
2003-09-01,0.5508923792639495,0.5214820678119447,-0.21942634732381688,2.0951509606587373,14.0,110.0
2003-10-01,-0.25690027934657544,-0.2700339632834898,-0.1914287211479878,2.076098098312501,18.5,55.0
2003-11-01,0.49797457477524226,0.5353231969894047,0.21807119859955776,2.125632079676621,19.9,133.0
2003-12-01,0.36250247869925656,0.42026344123210724,0.5440945947138133,2.0745863176092856,21.7,131.0
2004-01-01,1.7872027999610616,1.703279745721994,1.2035568249923703,2.114668191865947,24.6,216.0
2004-02-01,0.827478536065748,0.9398000587853365,1.0147801895906332,1.7945239269856932,22.9,35.0
2004-03-01,-0.24120939741249195,-0.2534973593952448,0.035694795748836355,1.460560265388868,23.1,26.0
2004-04-01,-0.008313111121739098,-0.035306060670587475,0.9973341461663751,1.7135378621865105,19.6,234.0
2004-05-01,0.5255593205565713,0.5860217254190561,0.8107860228028614,1.7841527958886245,13.6,89.0
2004-06-01,1.0462650495634809,1.0996680853494074,0.4636690771250916,1.7404650448929475,13.0,10.0
2004-07-01,-0.25969430667605625,-0.2769756200156433,-0.33748023158149604,1.6858061552595314,11.8,36.0
2004-08-01,-1.071549821323181,-1.1344061498171545,-0.06642914210272553,1.6942976862816543,13.4,41.0
2004-09-01,-1.3750371274522601,-1.3811910547785848,0.3919583440442914,1.5493000241370987,15.4,21.0
2004-10-01,-1.3715030529029721,-1.4959961326545013,-1.112318509851232,1.5602944524550353,17.2,56.0
2004-11-01,-1.357190651492621,-1.3714401778486467,-1.758862652406395,1.4567018931042346,19.5,63.0
2004-12-01,-0.8720595201667344,-0.9462300409219032,-1.404623007622635,1.364068943639632,23.1,76.0
2005-01-01,-0.08400476401468158,-0.06513520381252247,-0.9461272614547009,1.2339347130875522,24.9,131.0
2005-02-01,-0.23143933137430567,-0.21315529224370253,-1.3115839314665947,1.2516797270160498,23.5,46.0
2005-03-01,-0.3715361900739048,-0.3995700831281771,-0.9391905308899955,1.3527924194875232,21.2,85.0
2005-04-01,-0.9621478998638467,-1.0674001962698936,-0.8140375800063385,1.11466929424806,17.3,70.0
2005-05-01,-0.838387686267736,-0.8719739711987441,-0.8778889562706077,0.9915079182924029,14.9,13.0
2005-06-01,-0.6870483895777438,-0.7556225535299536,-0.8849599010734532,1.0459008906142955,14.1,49.0
2005-07-01,-0.5869045426137387,-0.6533941955030721,-1.2690335559299881,1.0611450636991089,12.1,47.0
2005-08-01,0.2887381618972128,0.29507334812081415,-0.6925702491840077,1.1251372118551042,12.8,81.0
2005-09-01,-0.04204008840514428,-0.15302644134373103,-0.766164111576054,1.1503255928246714,13.8,32.0
2005-10-01,-0.8059705764850965,-0.891407252971282,-1.031568813844749,1.1263617898688987,16.8,39.0
2005-11-01,-1.8012820177460864,-1.7413366032495503,-1.1582516432665964,1.0764639605347301,21.8,38.0
2005-12-01,-2.0742344509287864,-2.018631764077119,-1.716885151052706,0.9977929004965973,21.7,20.0
2006-01-01,-0.09483250816926053,-0.07732573142230187,-0.6687637630541905,1.12522127299315,24.0,211.0
2006-02-01,0.5384595244300475,0.6542515836389082,-0.7712436577579846,1.223692908422881,23.8,111.0
2006-03-01,0.9208492538516991,0.9669258727417,-0.32185950186391116,1.2851727432428266,20.7,123.0
2006-04-01,-0.2489190714439623,-0.3108390230114855,-0.3505923127922491,1.2196988246816844,18.8,33.0
2006-05-01,-0.9045306631782901,-0.9414778598539773,-0.3549839076329365,1.2114791100465245,14.2,5.0
2006-06-01,-0.8948885504846682,-0.9729769567726193,0.16913248593682909,1.2593175609981944,13.0,76.0
2006-07-01,-0.34291446058349967,-0.37360419336072753,-0.594923618740005,1.2485655267385816,13.9,47.0
2006-08-01,-0.26976999131315477,-0.3232631614616072,-1.0265271896725914,1.1462505178842701,12.2,12.0
2006-09-01,-1.97389304735971,-1.7023021099089273,-1.5793580500636812,1.1303059463257419,14.8,25.0
2006-10-01,-0.1539823450267843,-0.1535096189522315,-0.4016737117507731,1.3045910114737493,19.0,162.0
2006-11-01,-0.2565109220971956,-0.275606041138368,-0.3983073115556998,1.3186947054255302,20.2,41.0
2006-12-01,1.203543715076444,1.2625518682757568,0.38271123210109986,1.596040735893617,24.3,215.0
2007-01-01,0.4083411684700406,0.47672819859044246,0.13364392577493817,1.3712636073855775,24.1,62.0
2007-02-01,0.7007394931995671,0.8178418083678762,0.43271108672909425,1.3318135461035456,24.4,87.0
2007-03-01,0.8741499777703524,0.9238603736352115,1.2805301016794473,1.5712431174179684,21.8,288.0
2007-04-01,1.470295192297368,1.4481709904477345,1.3240779942477368,1.768999955215191,18.7,165.0
2007-05-01,1.3489701998316033,1.3054830600988994,1.2685410744737813,1.8378427155554884,12.6,42.0
2007-06-01,0.41689065938949127,0.47153466754433493,0.858467054885124,1.8079164827806604,10.4,42.0
2007-07-01,-0.8492536557999742,-0.9427283788548738,0.8328557019629007,1.8696459398716652,9.4,7.0
2007-08-01,-1.0910731261329658,-1.1520445517244666,0.8328963415497479,2.035751475182228,9.7,37.0
2007-09-01,-0.4823134723552038,-0.6292129138788456,0.014516734228033177,2.135219041048637,16.0,90.0
2007-10-01,0.8288317528727636,0.8634896900431906,0.03110212013075028,2.1329099725620804,18.9,160.0
2007-11-01,0.32257299268333567,0.3511865814626786,-0.36039183589767865,2.131099097846304,18.8,31.0
2007-12-01,-0.6659737462308599,-0.7291438987273487,-0.9189494934190614,1.8100339600182054,23.0,23.0
2008-01-01,-1.25600445123774,-1.3191976355606951,-0.3214598770934347,1.9081370786124543,24.6,121.0
2008-02-01,-0.4844835485943745,-0.5127482905104968,-0.23630860801189235,1.895611078291691,24.5,85.0
2008-03-01,0.4749975076559064,0.5312328524812286,-0.02162317766784349,1.6862820089355561,21.7,167.0
2008-04-01,0.8357752284379514,0.8825148522767178,0.03330181580505371,1.691074144203872,18.5,166.74193548387098
2008-05-01,1.375656608796424,1.3258622030055283,0.8035539444043228,1.8803187074641732,15.3,166.48387096774192
2008-06-01,1.4861494022290325,1.4758638085335956,1.2440823731644088,1.9123979656380703,11.4,66.43940141229623
2008-07-01,1.2645737277477873,1.287036097228707,1.243746368302594,1.9027971533064345,13.7,82.18571907458569
2008-08-01,0.4746856290008359,0.4967717061377311,1.3858651352886335,1.80197896381301,12.6,44.02409077560394
2008-09-01,0.2026680322537928,0.1261488976210183,1.3098813429661593,1.7608352657509503,13.8,50.91383447867687
2008-10-01,0.4014598706898565,0.449260933539086,1.1517953499065658,1.758182026079718,17.6,151.16092073899136
2008-11-01,0.7115427525901081,0.7521171004812278,0.8100534770445225,1.8522295274965035,23.2,117.22923344363998
2008-12-01,0.4661597618390272,0.5328339410902682,0.4251221813673447,1.9089015730896175,23.2,62.15945672726143
2009-01-01,0.11604540297502103,0.15873377603008673,0.2764704105386184,1.8935275533117462,24.4,109.51435037153261
2009-02-01,-0.34872525131182164,-0.3522156744235195,0.1921482614898933,1.8825870823600572,23.9,69.89370576512631
2009-03-01,-0.46551598531635846,-0.5041265043690766,-0.05268523641921273,1.7290099139525292,23.1,72.22611618219267
2009-04-01,-0.6435785887997685,-0.7460288932699273,-0.4876290187081629,1.6011526516168242,19.4,85.36104612698983
2009-05-01,-0.9373184268119744,-0.9756617767830709,-1.0228862091353044,1.3506698812513298,15.8,0.0
2009-06-01,-1.2584860333264904,-1.3275752664018357,-1.2540365790733388,1.2527340694755742,11.3,0.0
2009-07-01,-1.9451596584705895,-1.9287854084208764,-1.6326556889094883,1.2071669569629722,10.5,39.48654157876595
2009-08-01,-1.6548406331244796,-1.6125574157678682,-1.5362553572304751,1.1635602708339081,14.2,20.825683855957852
2009-09-01,-0.6778734246908076,-0.8216185291761803,-1.4803220208474688,1.1852335530098796,13.4,63.99748197544269
2009-10-01,-0.9493291703031004,-1.0494154930348691,-1.8654241345449398,1.0477116024740036,17.2,57.98334319890477
2009-11-01,-0.971722071382991,-1.01505149595331,-1.735422573252932,0.9522375972704893,20.9,46.990998912458
2009-12-01,-0.388190198335825,-0.4241593800124235,-0.7679552302761601,1.0686836372724633,22.2,135.69626601141968
2010-01-01,-0.18993092020694688,-0.18451175391544603,-0.819552578723754,1.0148761176846084,25.5,77.63107061635861
2010-02-01,0.2351514235820431,0.32760004373597135,-0.5692286211673268,1.045851120646136,24.0,90.63840928431519
2010-03-01,-1.2215607028996116,-1.287037948710752,-1.2073645987657002,0.9575005830929915,22.8,12.975693059186469
2010-04-01,-1.646651479854948,-1.6357144533509955,-1.1995992668564077,0.917640108189704,17.9,54.938899184429744
2010-05-01,-1.295552227682263,-1.3360152064068769,-0.8405418221451401,1.0008083529365204,15.9,54.79543108794473
2010-06-01,-0.766611611101788,-0.839975405621457,-1.4497927966763493,1.0170647632645125,12.8,15.2317304559662
2010-07-01,-0.33420506450053783,-0.3635068035605368,-1.4591702408536553,1.0437168768051805,11.0,58.69283202670703
2010-08-01,-0.7083778110736,-0.7863859733063663,-1.4610744629349366,1.0743653254803738,11.8,33.10574166405051
2010-09-01,-0.34733166422239486,-0.48869258956664985,-0.9912164032758454,1.0455472609415344,14.8,49.54061354041459
2010-10-01,-0.8043677627438017,-0.8896253361578813,-0.8352750265667488,1.0644846133258472,16.9,69.45869534196181
2010-11-01,0.21916492554485592,0.24064010663506988,-0.25530377057770764,1.228448568726132,20.2,152.18640444229442
2010-12-01,0.1988501226537322,0.2389927202779296,-0.09270606102460098,1.1314190462904412,24.3,79.48709060768152
2011-01-01,-0.03257432898663271,-0.007303387150033084,-0.618913612581834,1.0812745646587938,25.1,43.10868377088796
2011-02-01,-0.33650495379761863,-0.33772728111693623,-0.20196235757298284,1.1283298654257752,23.5,120.13783252329495
2011-03-01,-1.1272703876163135,-1.196853078639509,-0.6935188425306803,1.1517778729763266,22.0,25.573396750622663
2011-04-01,-0.6182090847698213,-0.7191113640172025,-0.5714359520631724,1.1901787777000776,19.0,84.08052319245502
2011-05-01,-1.4423964209872115,-1.4762042144516043,-1.339108756444936,1.111843594400232,15.0,0.0
2011-06-01,-1.1404738516153112,-1.2162698111939807,-1.5949090216772102,1.1082142541543343,12.0,10.18714047701367
2011-07-01,-1.3059642111015288,-1.4019864167635177,-1.3939829894088651,1.1031434499129928,10.9,55.030951312385504
2011-08-01,-0.22326343750362246,-0.27223751260894125,-1.3444591517661215,1.1652111808126382,11.6,73.00043383267453
2011-09-01,0.3527282320233773,0.2978671520572486,-0.8460606649542177,1.1767102361931439,15.8,60.58859667566108
2011-10-01,0.11836811067362635,0.14914568261375574,-0.7803755128994923,1.2027316061151891,17.2,87.66755107304968
2011-11-01,-0.2216859544415199,-0.23787509982193555,-0.3389537428413274,1.0878034150449984,22.1,82.79746335927595
2011-12-01,-0.8800181190405337,-0.9544297936701619,-0.6089602200534896,1.0138333237560224,22.2,23.81453740801016
2012-01-01,-1.4201082757603412,-1.4737094618649182,-0.9711128296119526,1.0356651813609565,25.0,57.128974825347306
2012-02-01,-1.5916191878941144,-1.694805992168327,-1.414108098841491,0.9512812446745118,24.6,70.00228162983896
2012-03-01,-0.10520205949015737,-0.10065249058803268,-0.7099216913618909,1.166018491595149,21.6,166.3115071246062
2012-04-01,0.22848448249428494,0.23498167545369003,-0.6807287769361277,1.1792599917490263,18.0,89.29391825390374
2012-05-01,-0.11053798499238644,-0.07941035900685824,-0.9735791740167508,1.1709834213357184,16.5,0.0
2012-06-01,-0.5288777157800307,-0.5842055490349648,-0.5843099011170647,1.2431077444510283,11.8,57.22652486716062
2012-07-01,-0.7086634884519823,-0.789558116454261,-0.3665621726980005,1.2910082048689722,9.8,43.11501483891672
2012-08-01,-0.32599704366743054,-0.3845904847068776,-0.4038448525944349,1.2125094244289754,13.5,30.833105409177094
2012-09-01,-0.28279950637456275,-0.41957409866908085,-0.7700025752358424,1.2319925710094146,15.3,71.09370207700867
2012-10-01,0.249565884155588,0.2904503910009975,-0.34902494468706535,1.2941945569232611,18.1,130.6235980568101
2012-11-01,0.7599536559403534,0.7999527367556191,0.40568089461404827,1.356699710786862,22.1,122.50886276343732
2012-12-01,0.1998617662855966,0.2401242736098807,-0.060781012213583535,1.3807900730603901,24.3,48.1088106468743
2013-01-01,-0.3652405702805822,-0.38176887519908875,-0.1924857279162004,1.410062581994753,24.6,74.16876435810511
2013-02-01,-0.5496040594585829,-0.5892609428788577,0.08303780077863195,1.4691408625907718,23.8,100.94286612547204
2013-03-01,0.22190962877169074,0.26211193607118394,0.2880324039451779,1.4712563315065021,20.2,161.27148132938078
2013-04-01,0.18441085987772857,0.18506019668601442,-0.1573708113373502,1.4114672489949058,19.4,57.461687748658804
2013-05-01,-0.09248869506910541,-0.059700068321719944,-0.4897332510779801,1.48340913445736,15.1,39.29977745806464
2013-06-01,-0.9036870905619726,-0.9819564283218094,-0.5210751059876628,1.411537074023236,12.9,16.503140812122925
2013-07-01,-0.9903402739758828,-1.0912849192432412,-0.5424674631296635,1.3110904522167852,11.6,26.506347707641858
2013-08-01,-0.5248538222205323,-0.5973537101947434,-0.47667497645440776,1.3862230237187183,12.1,75.20681054115423
2013-09-01,0.3772344585533656,0.3257785694605063,-0.6624207012238135,1.4224888976480055,13.8,88.85790447163386
2013-10-01,0.48066279576179477,0.5297972463230021,-0.32437415865764,1.3613302535575476,17.9,89.30233629477577
2013-11-01,0.548676895742639,0.5875939482807883,0.1276593662555917,1.3735761603707186,20.7,124.83708139288517
2013-12-01,0.2611546088356338,0.30844893107656396,0.3559199931301308,1.4302103832105952,26.2,93.74256689424034
2014-01-01,0.010297209738210524,0.040785302203545336,0.25431319731789714,1.403931198145673,25.4,60.229779158118895
2014-02-01,-0.20063439499603553,-0.17668045721899928,0.17784693794880224,1.4110445196073615,22.9,102.1201669034543
2014-03-01,0.37638366252379934,0.42797494757252436,0.44913832484466953,1.4600570872981489,20.7,196.02353055988522
2014-04-01,0.5534656629820555,0.5926448637056292,0.3821057922556085,1.4926119605501704,18.4,74.61396075311653
2014-05-01,0.840399340048158,0.8822602797036396,0.48767595095154825,1.6293462455004624,15.3,130.74876288209705
2014-06-01,0.04454668757169925,0.06013732417641157,0.19740246528764546,1.6066026069501218,12.6,0.0
2014-07-01,0.38360266151209066,0.4531932763255128,0.5415328632112856,1.6620912772909213,12.5,67.8293618803999
2014-08-01,-0.47436836026423723,-0.5440351432931826,0.49502385431160445,1.611479157343493,14.5,53.59331067509391
2014-09-01,0.11539375115147575,0.026145695510452874,-0.041909392277568604,1.5355030847051274,16.3,49.36612171970292
2014-10-01,-0.1616409780827872,-0.1621526611127074,0.17819146672115183,1.5305621486726857,19.9,95.43756837220255
2014-11-01,-0.9168196814594536,-0.961602583250525,-1.0707181762711284,1.3892630545452753,20.8,28.45408989538386
2014-12-01,-0.8660585570059249,-0.9400378352218738,-0.7559352121414207,1.3756990834319063,23.2,71.65222653635398
2015-01-01,-0.8892660131842807,-0.9516649049904451,-0.8430883810182581,1.4458336214406475,24.1,101.81892677528243
2015-02-01,0.36058662115075557,0.46576980726089234,-0.392100428669886,1.5026062369099527,24.2,145.7431221057986
2015-03-01,0.0753452249224482,0.10101119854949536,-0.5326917329693381,1.301446877383278,22.9,68.98004221865554
2015-04-01,-0.3187085914360033,-0.389881026026307,-0.8845964414501134,1.2472311826861748,20.3,44.72096686365483
2015-05-01,-1.1486417120437808,-1.1912848024603229,-0.6519558893695815,1.0825497316147774,16.9,22.784434923570707
2015-06-01,-0.5819659368947854,-0.6422478828866087,-0.46595461418201245,1.1842697922863517,13.6,74.06108663196758
2015-07-01,-0.04230367831658966,-0.0246493788564473,-0.45331213208554777,1.169244100849062,12.6,57.73154220067935
2015-08-01,0.16442879248840717,0.15791957617465371,-0.9760107017840585,1.1408285467661772,14.9,35.21735712097716
2015-09-01,-0.016506539410053502,-0.12414596919750986,-0.6674526651156617,1.1787413428780544,14.3,68.74581063765248
2015-10-01,-0.1463784658012977,-0.14493365273205536,-0.16445585585637965,1.2032966724816025,15.4,95.63674683115441
2015-11-01,0.3963419450905438,0.4292080385165127,0.4033868830795816,1.349221021579605,19.9,123.71287998178089
2015-12-01,-0.07069940666032694,-0.06543462717501852,-0.1611530937241488,1.3172272134312437,24.0,53.32120989703089
2016-01-01,-0.3006599318622411,-0.3092509664402753,-0.42264384967190416,1.268901332848855,25.2,73.4031631905054
2016-02-01,-0.8393265514236827,-0.9223321924069757,-0.43687696737979126,1.1501702682999562,25.7,72.67985641761662
2016-03-01,-1.5600991291586883,-1.5903972622084175,-1.1501597951317808,1.074454989765188,21.0,10.580590975007723
2016-04-01,-1.4179009170952113,-1.465375581748261,-1.1825567385764502,1.1518295010432817,17.4,87.45631322932095
2016-05-01,-0.9076240876167307,-0.9447108370495167,-1.2865921117496053,1.234344886133907,12.8,62.63949258686154
2016-06-01,-0.019994857997698613,-0.012733059864784997,-1.1388857257487883,1.2105005074685775,10.8,48.145577811074446
2016-07-01,-0.016978044799046122,0.004566908432318706,-1.1237510063297629,1.2008021985125157,11.2,46.196569253603805
2016-08-01,-0.7745446136127941,-0.852503081158888,-1.2402132778167219,1.1667672119792993,13.7,8.833203014580405
2016-09-01,-1.2610612825936225,-1.3037542781636677,-0.6983482540253779,1.1337505375933803,14.0,46.46401751626202
2016-10-01,-1.0851977633027672,-1.1963780220886462,-0.732524844004289,1.098597072251556,17.2,79.16113107160442
2016-11-01,-0.6792030269308218,-0.7230798799340172,-1.062986422308313,1.0073595475763135,20.6,66.64802702634216
2016-12-01,-0.605730011358454,-0.6640760260239168,-1.1568825503343918,1.036469833312637,24.5,73.87096547872038
2017-01-01,-0.37100903485251635,-0.3882332345075124,-1.0229846864313585,1.0814770618829292,25.5,103.76670198217266
2017-02-01,0.518185676089356,0.6332402515820645,-0.04952557403879512,1.2262531758675186,25.0,161.69558270795017
2017-03-01,0.5030676509617686,0.5602083258844589,0.04155190245315419,1.373733624147889,22.3,111.7858294753171
2017-04-01,0.4658451997050723,0.4983916415804448,0.09628109021636223,1.3620571769491028,18.9,85.96411991000043
2017-05-01,-0.20689380778067748,-0.1850063538496303,0.10425776318326864,1.3155291396035196,16.0,45.11038494746409
2017-06-01,-0.6974020767353211,-0.766675415876326,-0.1432685207852541,1.228446970534947,13.5,0.0
2017-07-01,-0.7792105743141494,-0.8670119768407266,-0.1623673771091343,1.2246365592020663,13.0,50.45709910553696
2017-08-01,-0.7732222510260686,-0.8511929724879171,-0.6849109174935383,1.2827824572043978,14.8,52.79438147159467
2017-09-01,0.7029918813814686,0.688617954466573,-0.26546738227543737,1.373106609471847,15.7,115.26935593052528
2017-10-01,0.475159131263586,0.5242539019964654,-0.2134419079156704,1.3775606804634863,17.8,84.79371869393329
2017-11-01,0.5414213858619615,0.5801429487966648,-0.008018521731466,1.432128887006403,20.1,102.2168323762311
2017-12-01,-0.1385808172172104,-0.14250323920774294,0.2462678370608762,1.4442963885206455,23.7,78.68091455454712
2018-01-01,-0.6677434111338356,-0.7159736864817371,-0.23506483554964902,1.3517677956480791,25.1,38.503935607612846
2018-02-01,-0.2633472076876912,-0.2509718204710367,0.1213394921638889,1.3126423778088108,24.4,132.65148063802837
2018-03-01,0.09097923041132654,0.1183340811373793,-0.0389837868764375,1.3666272848811805,22.0,147.4561981609296
2018-04-01,0.6422777386142375,0.6862103473837923,0.11113356331493349,1.3804670948088604,21.6,106.60347589013136
2018-05-01,-0.11097782785607892,-0.07989100211368502,-0.34042209127284284,1.313256557698742,16.7,1.4867536875079779
2018-06-01,-0.040304026074983415,-0.03570509177840334,-0.10345567569545722,1.4557752456651414,11.0,87.93692319164504
2018-07-01,-0.550156750803103,-0.6117618405927138,0.1221259537276469,1.4282827474402775,10.9,22.29555061267472
2018-08-01,0.30963374753834966,0.3179770813302541,-0.07819172486270354,1.4694656471786325,12.1,68.48367632489037
2018-09-01,0.4866748654250455,0.44961244203395295,0.11652828897301538,1.4519827055903016,16.9,108.76106912948335
2018-10-01,0.2448393686677992,0.285422496950597,-0.2528267245007182,1.4089688325243694,17.6,54.8922457792237
2018-11-01,-0.1442380480964339,-0.15373897878514398,0.08843865747299151,1.362037841339062,21.0,74.25205236097676
2018-12-01,-0.6773782742220384,-0.7413847917328446,-0.34932148086781684,1.3790537021959395,22.2,83.78686152918226
2019-01-01,-0.6095632593835076,-0.6526335192107771,-0.3697664818600063,1.423395111062123,24.6,66.1075155380242
2019-02-01,-1.1477238700298091,-1.2574352517711083,-1.1043285561302536,1.268082836672009,24.1,27.41368925354262
2019-03-01,-1.009362255037793,-1.080730580551717,-1.2866393895190658,1.2106597216004655,21.0,105.23598246869206
2019-04-01,-1.4741038591824092,-1.5090634399713838,-1.4033357719137642,1.1141548204741343,19.4,34.90155105297575
2019-05-01,-0.4368567667334723,-0.4379500705895793,-1.0762119076712502,1.2276392068935458,16.0,73.74403367878014
2019-06-01,-0.7041833734418038,-0.7739026091384698,-1.3037024562272705,1.1094636409495269,14.5,21.824405519131663
2019-07-01,0.19650270490367053,0.24747563805761313,-0.9772414502967599,1.1965447985747715,11.5,82.73661943365262
2019-08-01,-0.31043353939147666,-0.36765864194951864,-0.6849380963055693,1.1346070102887449,12.3,27.665278160082803
2019-09-01,-0.05393095197604598,-0.16644511820033617,-0.7864381917512695,1.056130579432296,14.6,48.81608302672316
2019-10-01,-0.15452066485401078,-0.15411695962766922,0.0252296342108072,1.1589803550344093,17.4,122.47621393646585
2019-11-01,-0.30092765021256535,-0.3236061498712103,-0.4617515477633104,1.1206239092021033,22.2,52.837563753285785
2019-12-01,-0.15555961372625554,-0.16177065512365002,-0.2567788216727489,1.1232069858809335,23.1,88.64372781070428
2020-01-01,0.051584671940262464,0.08696379065196316,-0.15617521051201952,1.2365140314102483,24.4,141.2418674272719
2020-02-01,-0.21068628371673936,-0.18857783638197503,-0.51202190149339,1.2298339937515166,23.9,25.193670259001927
2020-03-01,-0.2256272670029117,-0.23598715515779028,-0.3163346949198233,1.2263573056291912,23.5,112.40711572218795
2020-04-01,-0.6863360235151926,-0.7909885461705181,-0.5585736885025632,1.3098156541497052,18.0,86.05435603172774
2020-05-01,0.12512703442301445,0.17518333507164538,-0.11411114997432163,1.3392254306040636,15.1,89.84831221679849
2020-06-01,-0.10847673574837007,-0.11289665552218352,-0.4047605136180775,1.337114386314524,12.6,12.78456952165456
2020-07-01,-0.36001201924282605,-0.3934124603350814,-0.9421879862315373,1.2541357500074142,10.6,23.962191901513837
2020-08-01,-0.7724410834941032,-0.8504188250831544,-0.3704985942193464,1.3066477323456345,13.3,66.5497096144127
2020-09-01,-0.13356861169870143,-0.2557306845621684,-0.32381625154405613,1.3312061906852868,14.2,63.58562015836196
2020-10-01,0.23776763370085163,0.2778906536652056,-0.13131393595078666,1.3037533012514564,16.7,101.38403457689459
2020-11-01,0.19200372229669332,0.21141300891833983,-0.3139722588215533,1.3879402848221478,21.0,103.66368379398006
2020-12-01,-0.20232307951377068,-0.21479163403811913,-0.3420940937967889,1.3375346496212912,22.8,54.15831228429572
2021-01-01,-0.25525328487011867,-0.25813924900999125,-0.12036230818394122,1.2779248505732814,23.05,96.6377187645558
2021-02-01,0.005776089201352621,0.06576277984272728,0.07464584942921751,1.4424770674638177,23.3,127.0
2021-03-01,-0.38369559535910036,-0.4131443974350932,-0.47724829304288546,1.3373567053435067,21.8,37.0
2021-04-01,-1.0568538699220569,-1.1563801572160677,-0.9797160234388772,1.2366501634136498,20.4,30.0
2021-05-01,-1.4039994491984469,-1.439985467159873,-1.0788530355087045,1.1738848942518514,14.3,46.0
2021-06-01,-1.3181101490496272,-1.3823975047599288,-1.2242715573524747,1.1667523450363029,11.7,5.0
2021-07-01,-1.4597212496379883,-1.5415724828254014,-1.76297548108102,1.1356407075526878,11.5,7.0
2021-08-01,-2.4711066147220806,-2.121183630771933,-1.9768608916262984,1.0701409787234089,12.4,21.0
2021-09-01,-1.184712759324385,-1.248815095711132,-1.688927700820257,1.0833000321522892,15.4,76.0
2021-10-01,-1.6383083581408595,-1.7624064793713778,-2.0981969662268205,0.9315799980815228,18.2,7.0
2021-11-01,-1.30239526189939,-1.3228169576343558,-2.2795370652218043,0.8668707868744823,20.9,61.0
2021-12-01,-2.4449273924523243,-2.2890587665803843,-2.4154280240659918,0.7854203406349427,23.7,3.0
2022-01-01,-2.6042012167672053,-2.419657128671291,-2.387919211225391,0.6799446416751911,25.3,32.0
2022-02-01,-0.25156360429703684,-0.2370029166454117,-1.292933018127754,0.816579122139709,22.5,216.0
2022-03-01,-0.3449552296209412,-0.36985636954000883,-1.8889648402701587,0.7915767723115258,20.4,17.0
2022-04-01,-0.5411514063706702,-0.636311634738404,-1.848921021985725,0.7607426077334482,17.9,4.0
2022-05-01,-2.7265462585454765,-2.5156754170888744,-1.8860530125058839,0.695108042292161,13.7,2.0
2022-06-01,-2.644868198919581,-2.36995081912654,-1.6701067396898543,0.6912370974241344,10.5,0.0
2022-07-01,-1.6249015795344461,-1.6825340483311033,-1.4530241098133323,0.7530747982284224,12.4,49.0
2022-08-01,-1.4946890711515284,-1.491280102668436,-2.3035989491069313,0.7463031067752012,13.0,18.0
2022-09-01,-1.4448999060852936,-1.4259763704611568,-2.374536887220396,0.6746037857901952,15.2,29.0
2022-10-01,-2.4708351229490626,-2.5233178017486577,-2.6349826809666745,0.699170894691251,17.3,21.0
2022-11-01,-1.6250833840636938,-1.5996039699591402,-2.163335544679695,0.7110098802671673,22.0,71.0
2022-12-01,-1.2366113801191705,-1.3066349725817445,-1.6996637213140522,0.8141070934840711,24.1,71.0
2023-01-01,-0.9275308135804484,-0.9913976430106654,-1.9020484791254957,0.8508876828258668,25.7,57.0
2023-02-01,-1.5344802888470839,-1.641667747037491,-2.4120444593402772,0.5545932476372807,24.6,26.0
2023-03-01,-2.645781475689987,-2.3468109371550763,-2.493545167900941,0.5450522032287289,25.3,19.0
2023-04-01,-2.49261672668692,-2.0994482992088264,-1.8950102742895147,0.6603200923855914,18.6,83.0
2023-05-01,-0.19052583890222102,-0.1670324377268966,-1.0239195277702249,0.8580491441434855,16.5,143.0
2023-06-01,0.2253161617849801,0.2623272251186216,-1.3115323753854526,0.8476411892969054,13.3,0.0
2023-07-01,0.3695226916548253,0.4380018149059704,-1.145745166404005,0.8540966341090415,12.6,54.0
2023-08-01,0.5132273121253228,0.5378822953327145,-0.03266290633445536,1.0302306508007308,13.6,142.0
2023-09-01,0.9866456714428187,0.9855246911032992,0.6853685794131256,1.0636608985553262,14.5,50.0
2023-10-01,0.24327192494526872,0.28375401877062845,0.4088224903973973,1.0905943450663589,17.4,40.0
2023-11-01,-0.36029313916785716,-0.3874985302322962,0.07448742132068811,1.1809081677063686,20.7,129.0
2023-12-01,0.12298133472238529,0.15382403144194445,0.6493105684264258,1.266914107022825,22.5,124.0
2024-01-01,0.06497590760990286,0.10190864650319924,0.12560025059106444,1.2333910186841874,24.9,31.0
2024-02-01,0.9758621974511675,1.0760765246127255,0.6541552663767372,1.5495747407666318,25.4,249.0
2024-03-01,2.0385165607589433,1.8252095883998594,1.6193300920163112,2.1156766479425593,22.6,390.0
2024-04-01,2.6925692568633166,2.2505181113186676,2.08405519484879,2.300425895633464,18.7,209.0
2024-05-01,1.8981563737947564,1.691995436639205,1.6881479997145759,2.139614330022025,12.9,10.0
2024-06-01,0.6684353309216863,0.7347311461627448,1.8627207130460728,2.2245114286140844,14.1,62.0
2024-07-01,-1.0471094458276007,-1.1494544445965311,1.7997059395088992,2.1754862053369513,10.5,7.0
2024-08-01,0.9030364391026003,0.9358219686445722,1.9556071406783349,2.223774949114439,12.0,163.0
2024-09-01,0.34488579908715256,0.288923943038533,0.6648638459245073,2.1574712990026215,16.3,18.0
2024-10-01,0.41136348137967627,0.4594198066004506,-0.41067404297660115,2.174302075876879,19.6,66.0
2024-11-01,-0.19958847123939344,-0.2138970006724434,0.47919024941850014,2.197246751702197,21.4,149.0
2024-12-01,-0.26393527992113275,-0.28448984335442323,-0.10507547446894454,2.0780151372654396,21.6,38.0
2025-01-01,-0.24918934868448714,-0.2513079781137272,0.011906724683550394,2.133249735023213,24.9,68.0
2025-02-01,-0.40792824224709096,-0.4223435972852279,-0.6052867096656337,1.9655208630287027,25.1,130.0
2025-03-01,0.7423166974795541,0.7989657607257209,0.45862593732293255,1.7059520773004846,22.6,217.0
2025-04-01,0.9290933900016101,0.973267070998903,0.5922252166374987,1.52991311418633,17.9,88.0
2025-05-01,1.7080947156434296,1.5657152236086307,1.0863849358684432,1.8801671259667525,16.4,263.0
2025-06-01,1.2563198767210544,1.2857189771509347,1.2697804213548114,1.831996876595489,11.1,13.0
2025-07-01,1.315793897213311,1.3282580351617157,1.3264512148968934,1.8841684984971512,11.4,47.0
2025-08-01,0.2887381618972128,0.29507334812081415,1.6045669075245037,1.8045068077769186,13.3,117.0
2025-09-01,1.1389515133042978,1.1357204576241253,1.5491183505386,1.9329011442057777,15.2,98.0
2025-10-01,1.4499710911968515,1.374800615206289,1.6016319181274046,2.0514436640854794,18.6,139.0
2025-11-01,1.0458262101874363,1.07158728043394,0.931245858298526,2.0152160130422967,20.1,117.0
2025-12-01,0.5145207407243658,0.5846474583216029,1.0255322593687395,2.0441792108310324,25.2,80.0
2026-01-01,-0.8109220346011259,-0.869378870628467,0.48279172533551257,1.966802753523855,24.1,11.0
2026-02-01,-1.3092646510042796,-1.4230593626535128,-0.14041644978835874,1.8918676589258494,24.4,76.0
2026-03-01,-1.467381567941213,-1.5105374916858991,-0.6273258577378338,1.6672594700337895,24.4,76.0
2026-04-01,-0.6378500444315062,-0.7399662279577637,-1.0720233682674025,1.6031457955232908,24.4,76.0
2026-05-01,-0.41693867641624915,-0.41606903672893736,-1.1291739250991417,1.3246487579385724,15.1,64.31231219194079
2026-06-01,-0.3084202289621404,-0.3388821892544616,-1.2925425988938408,1.3403576045574142,12.05,27.66273637471193
2026-07-01,0.22388871695797277,0.27807239320527155,-0.4889906249746694,1.402505333360126,11.2,89.20379457190018
2026-08-01,0.3490558174797618,0.361041203022542,-0.32433589665983814,1.3323506443202975,12.5,65.11645442956602
2026-09-01,0.2727588647493092,0.20647522274023558,-0.2588316679033102,1.23476847360529,14.5,28.07724005548797
2026-10-01,-0.019519599780675627,-0.002784370666961129,0.1324720250277625,1.2092835213836433,17.3,116.59599847459758
2026-11-01,-0.5161274592471867,-0.553337735764977,-0.16753090098188836,1.1270352038850686,20.2,61.09259863976537
2026-12-01,0.07209180329599026,0.09640890470579153,0.13360603171812668,1.1836255054366727,22.8,109.91008104608096
